Id,IsDeleted,MasterRecordId,AccountId,LastName,FirstName,Salutation,Name,OtherStreet,OtherCity,OtherState,OtherPostalCode,OtherCountry,OtherLatitude,OtherLongitude,OtherGeocodeAccuracy,OtherAddress,MailingStreet,MailingCity,MailingState,MailingPostalCode,MailingCountry,MailingLatitude,MailingLongitude,MailingGeocodeAccuracy,MailingAddress,Phone,Fax,MobilePhone,HomePhone,OtherPhone,AssistantPhone,ReportsToId,Email,Title,Department,AssistantName,LeadSource,Birthdate,Description,OwnerId,CreatedDate,CreatedById,LastModifiedDate,LastModifiedById,SystemModstamp,LastActivityDate,LastCURequestDate,LastCUUpdateDate,LastViewedDate,LastReferencedDate,EmailBouncedReason,EmailBouncedDate,IsEmailBounced,PhotoUrl,Jigsaw,JigsawContactId,CleanStatus,IndividualId,Level__c,Languages__c
003f4000003d6AhAAI,,,001f4000003NkdeAAC,Brown,Emma,,Emma Brown,,,,,,,,,,9569 Kathy St.,South Lake Tahoe(CA),CA,96308,US,,,,"{""city"":""South Lake Tahoe(CA)"",""country"":""US"",""geocodeAccuracy"":null,""latitude"":null,""longitude"":null,""postalCode"":""96308"",""state"":""CA"",""street"":""9569 Kathy St.""}",1-572-069-1592,1-572-069-1597,1-018-509-3382,1-018-509-3387,1-325-952-1624,1-325-952-1629,003f4000003d69wAAA,sfdcjdemo01@salesforce.com,Director of Sales,,ast736,,,,005f4000000VrDDAA0,2017-08-04T09:09:50.000+0000,005f4000000VrDDAA0,2017-08-04T09:09:50.000+0000,005f4000000VrDDAA0,2019-09-05T02:11:42.000+0000,2019-09-05,,,,,,,,/services/images/photo/003f4000003d6AhAAI,,,Pending,,,
003f4000003d6AiAAI,,,001f4000003NkdeAAC,Smith,Elizabeth,,Elizabeth Smith,,,,,,,,,,4607 Anna St.,Santa Ana,CA,69073,US,,,,"{""city"":""Santa Ana"",""country"":""US"",""geocodeAccuracy"":null,""latitude"":null,""longitude"":null,""postalCode"":""69073"",""state"":""CA"",""street"":""4607 Anna St.""}",1-178-102-2638,1-178-102-2643,1-320-200-6261,1-320-200-6266,1-264-121-8869,1-264-121-8874,003f4000003d69wAAA,sfdcjdemo01@salesforce.com,Purchasing Manager,,Kes1807,,,,005f4000000VrDDAA0,2017-08-04T09:09:50.000+0000,005f4000000VrDDAA0,2017-08-04T09:09:50.000+0000,005f4000000VrDDAA0,2017-08-04T09:34:19.000+0000,,,,,,,,,/services/images/photo/003f4000003d6AiAAI,,,Pending,,,
003f4000003d6AjAAI,,,001f4000003NkdeAAC,Williams,Jacob,,Jacob Williams,,,,,,,,,,640 Apollo St.,Santa Clara,NM,89758,US,,,,"{""city"":""Santa Clara"",""country"":""US"",""geocodeAccuracy"":null,""latitude"":null,""longitude"":null,""postalCode"":""89758"",""state"":""NM"",""street"":""640 Apollo St.""}",1-766-370-5153,1-766-370-5158,1-264-121-8869,1-264-121-8874,1-366-482-0422,1-366-482-0427,003f4000003d69wAAA,sfdcjdemo01@salesforce.com,Director of Technology,,guyswithiphones,,,,005f4000000VrDDAA0,2017-08-04T09:09:50.000+0000,005f4000000VrDDAA0,2017-08-04T09:09:50.000+0000,005f4000000VrDDAA0,2017-08-04T09:34:19.000+0000,,,,,,,,,/services/images/photo/003f4000003d6AjAAI,,,Pending,,,
003f4000003d6AkAAI,,,001f4000003NkctAAC,Brown,Michael,,Michael Brown,,,,,,,,,,298 Aussie St.,Santa Cruz,CA,25764,US,,,,"{""city"":""Santa Cruz"",""country"":""US"",""geocodeAccuracy"":null,""latitude"":null,""longitude"":null,""postalCode"":""25764"",""state"":""CA"",""street"":""298 Aussie St.""}",1-243-276-6840,1-243-276-6845,1-366-482-0422,1-366-482-0427,1-691-501-1932,1-691-501-1937,003f4000003d69yAAA,sfdcjdemo01@salesforce.com,Sales Manager,,djasonfleming,,,,005f4000000VrDDAA0,2017-08-04T09:09:50.000+0000,005f4000000VrDDAA0,2017-08-04T09:09:50.000+0000,005f4000000VrDDAA0,2017-08-04T09:34:19.000+0000,,,,,,,,,/services/images/photo/003f4000003d6AkAAI,,,Pending,,,
003f4000003d6AlAAI,,,001f4000003NkdfAAC,Jones,Ethan,,Ethan Jones,,,,,,,,,,5533 Babe St.,Santa Barbara,CA,44700,US,,,,"{""city"":""Santa Barbara"",""country"":""US"",""geocodeAccuracy"":null,""latitude"":null,""longitude"":null,""postalCode"":""44700"",""state"":""CA"",""street"":""5533 Babe St.""}",1-320-200-6261,1-320-200-6266,1-691-501-1932,1-691-501-1937,1-426-178-2236,1-426-178-2241,003f4000003d69zAAA,sfdcjdemo01@salesforce.com,Director of Sales,,Reneesme_Cullen,,,,005f4000000VrDDAA0,2017-08-04T09:09:50.000+0000,005f4000000VrDDAA0,2017-08-04T09:09:50.000+0000,005f4000000VrDDAA0,2019-09-05T02:11:26.000+0000,2019-09-05,,,,,,,,/services/images/photo/003f4000003d6AlAAI,,,Pending,,,
003f4000003d6AmAAI,,,001f4000003NkdfAAC,Miller,Joshua,,Joshua Miller,,,,,,,,,,1373 Baby St.,Santa Fe,CA,56630,US,,,,"{""city"":""Santa Fe"",""country"":""US"",""geocodeAccuracy"":null,""latitude"":null,""longitude"":null,""postalCode"":""56630"",""state"":""CA"",""street"":""1373 Baby St.""}",1-264-121-8869,1-264-121-8874,1-426-178-2236,1-426-178-2241,1-050-655-5366,1-050-655-5371,003f4000003d69zAAA,sfdcjdemo01@salesforce.com,Director of Technology,,lioness23,,,,005f4000000VrDDAA0,2017-08-04T09:09:50.000+0000,005f4000000VrDDAA0,2017-08-04T09:09:50.000+0000,005f4000000VrDDAA0,2017-08-04T09:34:19.000+0000,,,,,,,,,/services/images/photo/003f4000003d6AmAAI,,,Pending,,,
003f4000003d6AnAAI,,,001f4000003NkdHAAS,Brown,Isabella,,Isabella Brown,,,,,,,,,,334 Blanca St.,San Mateo,WA,64227,US,,,,"{""city"":""San Mateo"",""country"":""US"",""geocodeAccuracy"":null,""latitude"":null,""longitude"":null,""postalCode"":""64227"",""state"":""WA"",""street"":""334 Blanca St.""}",1-506-728-1201,1-506-728-1206,1-828-382-0708,1-828-382-0713,1-251-426-7561,1-251-426-7566,003f4000003d694AAA,sfdcjdemo01@salesforce.com,Sales Manager,,TressaWXian,,,,005f4000000VrDDAA0,2017-08-04T09:09:50.000+0000,005f4000000VrDDAA0,2017-08-04T09:09:50.000+0000,005f4000000VrDDAA0,2017-08-04T09:34:19.000+0000,,,,,,,,,/services/images/photo/003f4000003d6AnAAI,,,Pending,,,
003f4000003d6AoAAI,,,001f4000003NkdiAAC,Jones,Emma,,Emma Jones,,,,,,,,,,828 Blinkin St.,San Rafael,UT,58783,US,,,,"{""city"":""San Rafael"",""country"":""US"",""geocodeAccuracy"":null,""latitude"":null,""longitude"":null,""postalCode"":""58783"",""state"":""UT"",""street"":""828 Blinkin St.""}",1-346-400-2753,1-346-400-2758,1-251-426-7561,1-251-426-7566,1-535-852-8740,1-535-852-8745,003f4000003d68yAAA,sfdcjdemo01@salesforce.com,Purchasing Manager,,joshnva,,,,005f4000000VrDDAA0,2017-08-04T09:09:50.000+0000,005f4000000VrDDAA0,2017-08-04T09:09:50.000+0000,005f4000000VrDDAA0,2017-08-04T09:34:19.000+0000,,,,,,,,,/services/images/photo/003f4000003d6AoAAI,,,Pending,,,
003f4000003d6ApAAI,,,001f4000003NkcyAAC,Taylor,Anthony,,Anthony Taylor,,,,,,,,,,7910 Chekov St.,Chula Vista,CA,58576,US,,,,"{""city"":""Chula Vista"",""country"":""US"",""geocodeAccuracy"":null,""latitude"":null,""longitude"":null,""postalCode"":""58576"",""state"":""CA"",""street"":""7910 Chekov St.""}",1-223-766-6293,1-223-766-6298,1-997-321-8401,1-997-321-8406,1-297-818-6038,1-297-818-6043,003f4000003d69uAAA,sfdcjdemo01@salesforce.com,Director of Sales,,NessieCCB,,,,005f4000000VrDDAA0,2017-08-04T09:09:50.000+0000,005f4000000VrDDAA0,2017-08-04T09:09:50.000+0000,005f4000000VrDDAA0,2017-08-04T09:34:19.000+0000,,,,,,,,,/services/images/photo/003f4000003d6ApAAI,,,Pending,,,
003f4000003d6AqAAI,,,001f4000003NkcyAAC,Smith,William,,William Smith,,,,,,,,,,1803 Cinder St.,Tucson,CA,24474,US,,,,"{""city"":""Tucson"",""country"":""US"",""geocodeAccuracy"":null,""latitude"":null,""longitude"":null,""postalCode"":""24474"",""state"":""CA"",""street"":""1803 Cinder St.""}",1-315-538-2900,1-315-538-2905,1-297-818-6038,1-297-818-6043,1-082-239-4181,1-082-239-4186,003f4000003d69uAAA,sfdcjdemo01@salesforce.com,Director of Technology,,iTodd,,,,005f4000000VrDDAA0,2017-08-04T09:09:50.000+0000,005f4000000VrDDAA0,2017-08-04T09:09:50.000+0000,005f4000000VrDDAA0,2017-08-04T09:34:19.000+0000,,,,,,,,,/services/images/photo/003f4000003d6AqAAI,,,Pending,,,
003f4000003d6ArAAI,,,001f4000003Nkd8AAC,Johnson,Matthew,,Matthew Johnson,,,,,,,,,,4728 Cinderella St.,Davis,CA,92075,US,,,,"{""city"":""Davis"",""country"":""US"",""geocodeAccuracy"":null,""latitude"":null,""longitude"":null,""postalCode"":""92075"",""state"":""CA"",""street"":""4728 Cinderella St.""}",1-062-379-2469,1-062-379-2474,1-082-239-4181,1-082-239-4186,1-947-214-6022,1-947-214-6027,003f4000003d69vAAA,sfdcjdemo01@salesforce.com,Director of Sales,,jeffbeene,,,,005f4000000VrDDAA0,2017-08-04T09:09:50.000+0000,005f4000000VrDDAA0,2017-08-04T09:09:50.000+0000,005f4000000VrDDAA0,2017-08-04T09:34:19.000+0000,,,,,,,,,/services/images/photo/003f4000003d6ArAAI,,,Pending,,,
003f4000003d6AsAAI,,,001f4000003NkdbAAC,Smith,Abigail,,Abigail Smith,,,,,,,,,,810 Crystal St.,Northridge,CA,42358,US,,,,"{""city"":""Northridge"",""country"":""US"",""geocodeAccuracy"":null,""latitude"":null,""longitude"":null,""postalCode"":""42358"",""state"":""CA"",""street"":""810 Crystal St.""}",1-244-448-5635,1-244-448-5640,1-367-509-5506,1-367-509-5511,1-405-591-9097,1-405-591-9102,003f4000003d68cAAA,sfdcjdemo01@salesforce.com,Sales Manager,,BrittneyChavez,,,,005f4000000VrDDAA0,2017-08-04T09:09:50.000+0000,005f4000000VrDDAA0,2017-08-04T09:09:50.000+0000,005f4000000VrDDAA0,2017-08-04T09:34:19.000+0000,,,,,,,,,/services/images/photo/003f4000003d6AsAAI,,,Pending,,,
003f4000003d6AtAAI,,,001f4000003Nkd2AAC,Davis,Emily,,Emily Davis,,,,,,,,,,1994 Viennan St.,Glendale(CA),CA,24605,US,,,,"{""city"":""Glendale(CA)"",""country"":""US"",""geocodeAccuracy"":null,""latitude"":null,""longitude"":null,""postalCode"":""24605"",""state"":""CA"",""street"":""1994 Viennan St.""}",1-591-936-3724,1-591-936-3729,1-201-568-2716,1-201-568-2721,1-196-016-8650,1-196-016-8655,003f4000003d69oAAA,sfdcjdemo01@salesforce.com,Director of Sales,,ndcollier,,,,005f4000000VrDDAA0,2017-08-04T09:09:50.000+0000,005f4000000VrDDAA0,2017-08-04T09:09:50.000+0000,005f4000000VrDDAA0,2017-08-04T09:34:19.000+0000,,,,,,,,,/services/images/photo/003f4000003d6AtAAI,,,Pending,,,
003f4000003d6AuAAI,,,001f4000003NkdjAAC,Miller,Ava,,Ava Miller,,,,,,,,,,7370 Bobo St.,San Luis Obispo,WY,22221,US,,,,"{""city"":""San Luis Obispo"",""country"":""US"",""geocodeAccuracy"":null,""latitude"":null,""longitude"":null,""postalCode"":""22221"",""state"":""WY"",""street"":""7370 Bobo St.""}",1-607-664-9874,1-607-664-9879,1-535-852-8740,1-535-852-8745,1-771-254-4747,1-771-254-4752,003f4000003d690AAA,sfdcjdemo01@salesforce.com,Director of Technology,,daanielr,,,,005f4000000VrDDAA0,2017-08-04T09:09:50.000+0000,005f4000000VrDDAA0,2017-08-04T09:09:50.000+0000,005f4000000VrDDAA0,2017-08-04T09:34:19.000+0000,,,,,,,,,/services/images/photo/003f4000003d6AuAAI,,,Pending,,,
003f4000003d6AvAAI,,,001f4000003NkciAAC,Smith,Jacob,,Jacob Smith,,,,,,,,,,6145 Kirby St.,Irvine,CA,71353,US,,,,"{""city"":""Irvine"",""country"":""US"",""geocodeAccuracy"":null,""latitude"":null,""longitude"":null,""postalCode"":""71353"",""state"":""CA"",""street"":""6145 Kirby St.""}",1-893-021-5299,1-893-021-5304,1-465-247-5069,1-465-247-5074,1-069-607-3123,1-069-607-3128,003f4000003d68hAAA,sfdcjdemo01@salesforce.com,Director of Sales,,iTodd,,,,005f4000000VrDDAA0,2017-08-04T09:09:50.000+0000,005f4000000VrDDAA0,2017-08-04T09:09:50.000+0000,005f4000000VrDDAA0,2017-08-04T09:34:19.000+0000,,,,,,,,,/services/images/photo/003f4000003d6AvAAI,,,Pending,,,
003f4000003d6AwAAI,,,001f4000003NkciAAC,Johnson,Michael,,Michael Johnson,,,,,,,,,,5805 Maxine St.,Azusa,UT,15674,US,,,,"{""city"":""Azusa"",""country"":""US"",""geocodeAccuracy"":null,""latitude"":null,""longitude"":null,""postalCode"":""15674"",""state"":""UT"",""street"":""5805 Maxine St.""}",1-293-608-9613,1-293-608-9618,1-069-607-3123,1-069-607-3128,1-785-474-1645,1-785-474-1650,003f4000003d68hAAA,sfdcjdemo01@salesforce.com,Purchasing Manager,,jeffbeene,,,,005f4000000VrDDAA0,2017-08-04T09:09:50.000+0000,005f4000000VrDDAA0,2017-08-04T09:09:50.000+0000,005f4000000VrDDAA0,2017-08-04T09:34:19.000+0000,,,,,,,,,/services/images/photo/003f4000003d6AwAAI,,,Pending,,,
003f4000003d6AxAAI,,,001f4000003NkciAAC,Williams,Ethan,,Ethan Williams,,,,,,,,,,8946 Smoky St.,Aspen,NM,25422,US,,,,"{""city"":""Aspen"",""country"":""US"",""geocodeAccuracy"":null,""latitude"":null,""longitude"":null,""postalCode"":""25422"",""state"":""NM"",""street"":""8946 Smoky St.""}",1-949-596-6671,1-949-596-6676,1-785-474-1645,1-785-474-1650,1-490-191-1509,1-490-191-1514,003f4000003d68hAAA,sfdcjdemo01@salesforce.com,Director of Technology,,BrittneyChavez,,,,005f4000000VrDDAA0,2017-08-04T09:09:50.000+0000,005f4000000VrDDAA0,2017-08-04T09:09:50.000+0000,005f4000000VrDDAA0,2017-08-04T09:34:19.000+0000,,,,,,,,,/services/images/photo/003f4000003d6AxAAI,,,Pending,,,
003f4000003d6B9AAI,,,001f4000003NkdeAAC,Willson,Isabella,,Isabella Willson,,,,,,,,,,4169 Winston St.,Kent,CA,24863,US,,,,"{""city"":""Kent"",""country"":""US"",""geocodeAccuracy"":null,""latitude"":null,""longitude"":null,""postalCode"":""24863"",""state"":""CA"",""street"":""4169 Winston St.""}",1-810-591-1080,1-810-591-1085,1-196-016-8650,1-196-016-8655,1-247-212-8372,1-247-212-8377,003f4000003d6B3AAI,sfdcjdemo01@salesforce.com,Administrator,,djasonfleming,,,,005f4000000VrDDAA0,2017-08-04T09:10:00.000+0000,005f4000000VrDDAA0,2017-08-04T09:10:00.000+0000,005f4000000VrDDAA0,2017-08-04T09:34:19.000+0000,,,,,,,,,/services/images/photo/003f4000003d6B9AAI,,,Pending,,,
003f4000003d6BAAAY,,,001f4000003NkcyAAC,Anderson,Emma,,Emma Anderson,,,,,,,,,,2615 Cyrano de Birdgerac St.,Colorado Springs,CA,44148,US,,,,"{""city"":""Colorado Springs"",""country"":""US"",""geocodeAccuracy"":null,""latitude"":null,""longitude"":null,""postalCode"":""44148"",""state"":""CA"",""street"":""2615 Cyrano de Birdgerac St.""}",1-228-217-5482,1-228-217-5487,1-247-212-8372,1-247-212-8377,1-550-292-0129,1-550-292-0134,003f4000003d6B6AAI,sfdcjdemo01@salesforce.com,Administrator,,Reneesme_Cullen,,,,005f4000000VrDDAA0,2017-08-04T09:10:00.000+0000,005f4000000VrDDAA0,2017-08-04T09:10:00.000+0000,005f4000000VrDDAA0,2017-08-04T09:34:19.000+0000,,,,,,,,,/services/images/photo/003f4000003d6BAAAY,,,Pending,,,
003f4000003d6AyAAI,,,001f4000003NkdcAAC,Davis,Anthony,,Anthony Davis,,,,,,,,,,8359 Blue St.,Anchorage,CA,48438,US,,,,"{""city"":""Anchorage"",""country"":""US"",""geocodeAccuracy"":null,""latitude"":null,""longitude"":null,""postalCode"":""48438"",""state"":""CA"",""street"":""8359 Blue St.""}",1-490-191-1509,1-490-191-1514,1-240-490-7875,1-240-490-7880,1-355-384-5897,1-355-384-5902,003f4000003d68vAAA,sfdcjdemo01@salesforce.com,Purchasing Manager,,TwitchySensei,,,,005f4000000VrDDAA0,2017-08-04T09:09:50.000+0000,005f4000000VrDDAA0,2017-08-04T09:09:50.000+0000,005f4000000VrDDAA0,2017-08-04T09:34:19.000+0000,,,,,,,,,/services/images/photo/003f4000003d6AyAAI,,,Pending,,,
003f4000003d6AzAAI,,,001f4000003NkdcAAC,Willson,William,,William Willson,,,,,,,,,,5391 Charlie Parker St.,Antioch,WA,95885,US,,,,"{""city"":""Antioch"",""country"":""US"",""geocodeAccuracy"":null,""latitude"":null,""longitude"":null,""postalCode"":""95885"",""state"":""WA"",""street"":""5391 Charlie Parker St.""}",1-061-398-6209,1-061-398-6214,1-355-384-5897,1-355-384-5902,1-654-029-5857,1-654-029-5862,003f4000003d68vAAA,sfdcjdemo01@salesforce.com,Director of Technology,,ProfHelm,,,,005f4000000VrDDAA0,2017-08-04T09:09:50.000+0000,005f4000000VrDDAA0,2017-08-04T09:09:50.000+0000,005f4000000VrDDAA0,2017-08-04T09:34:19.000+0000,,,,,,,,,/services/images/photo/003f4000003d6AzAAI,,,Pending,,,
003f4000003d6B0AAI,,,001f4000003NkdcAAC,Anderson,Matthew,,Matthew Anderson,,,,,,,,,,5427 Donnie St.,East Los Angeles,NV,28666,US,,,,"{""city"":""East Los Angeles"",""country"":""US"",""geocodeAccuracy"":null,""latitude"":null,""longitude"":null,""postalCode"":""28666"",""state"":""NV"",""street"":""5427 Donnie St.""}",1-741-278-6793,1-741-278-6798,1-654-029-5857,1-654-029-5862,1-268-978-1805,1-268-978-1810,003f4000003d68vAAA,sfdcjdemo01@salesforce.com,Director of Sales,,anninham,,,,005f4000000VrDDAA0,2017-08-04T09:09:50.000+0000,005f4000000VrDDAA0,2017-08-04T09:09:50.000+0000,005f4000000VrDDAA0,2017-08-04T09:34:19.000+0000,,,,,,,,,/services/images/photo/003f4000003d6B0AAI,,,Pending,,,
003f4000003d6B1AAI,,,001f4000003NkddAAC,Taylor,Matthew,,Matthew Taylor,,,,,,,,,,4169 Winston St.,Kent,CA,24863,US,,,,"{""city"":""Kent"",""country"":""US"",""geocodeAccuracy"":null,""latitude"":null,""longitude"":null,""postalCode"":""24863"",""state"":""CA"",""street"":""4169 Winston St.""}",1-605-839-0998,1-605-839-1003,1-905-687-1724,1-905-687-1729,1-572-069-1592,1-572-069-1597,003f4000003d699AAA,sfdcjdemo01@salesforce.com,Director of Sales,,ndcollier,,,,005f4000000VrDDAA0,2017-08-04T09:09:50.000+0000,005f4000000VrDDAA0,2017-08-04T09:09:50.000+0000,005f4000000VrDDAA0,2017-08-04T09:34:19.000+0000,,,,,,,,,/services/images/photo/003f4000003d6B1AAI,,,Pending,,,
003f4000003d6B2AAI,,,001f4000003NkdjAAC,Smith,Andrew,,Andrew Smith,,,,,,,,,,2615 Cyrano de Birdgerac St.,Colorado Springs,CA,44148,US,,,,"{""city"":""Colorado Springs"",""country"":""US"",""geocodeAccuracy"":null,""latitude"":null,""longitude"":null,""postalCode"":""44148"",""state"":""CA"",""street"":""2615 Cyrano de Birdgerac St.""}",1-015-887-0236,1-015-887-0241,1-572-069-1592,1-572-069-1597,1-569-608-7102,1-569-608-7107,003f4000003d69AAAQ,sfdcjdemo01@salesforce.com,Administrator,,MushroomBoom,,,,005f4000000VrDDAA0,2017-08-04T09:09:50.000+0000,005f4000000VrDDAA0,2017-08-04T09:09:50.000+0000,005f4000000VrDDAA0,2017-08-04T09:34:19.000+0000,,,,,,,,,/services/images/photo/003f4000003d6B2AAI,,,Pending,,,
003f4000003d6B7AAI,,,001f4000003Nkd8AAC,Williams,Matthew,,Matthew Williams,,,,,,,,,,4906 Ella St.,Palo Alto,OR,58520,US,,,,"{""city"":""Palo Alto"",""country"":""US"",""geocodeAccuracy"":null,""latitude"":null,""longitude"":null,""postalCode"":""58520"",""state"":""OR"",""street"":""4906 Ella St.""}",1-945-796-3556,1-945-796-3561,1-858-534-0868,1-858-534-0873,1-955-473-4111,1-955-473-4116,003f4000003d6ArAAI,sfdcjdemo01@salesforce.com,Sales Manager,,DenisceBecker,,,,005f4000000VrDDAA0,2017-08-04T09:09:58.000+0000,005f4000000VrDDAA0,2017-08-04T09:09:58.000+0000,005f4000000VrDDAA0,2017-08-04T09:34:19.000+0000,,,,,,,,,/services/images/photo/003f4000003d6B7AAI,,,Pending,,,
003f4000003d6B8AAI,,,001f4000003NkdcAAC,Davis,Michael,,Michael Davis,,,,,,,,,,1304 Gilligan St.,Fresno,CA,48519,US,,,,"{""city"":""Fresno"",""country"":""US"",""geocodeAccuracy"":null,""latitude"":null,""longitude"":null,""postalCode"":""48519"",""state"":""CA"",""street"":""1304 Gilligan St.""}",1-784-093-5256,1-784-093-5261,1-033-652-1440,1-033-652-1445,1-549-784-5542,1-549-784-5547,003f4000003d6B0AAI,sfdcjdemo01@salesforce.com,Sales Manager,,degasperinetto,,,,005f4000000VrDDAA0,2017-08-04T09:09:58.000+0000,005f4000000VrDDAA0,2017-08-04T09:09:58.000+0000,005f4000000VrDDAA0,2017-08-04T09:34:19.000+0000,,,,,,,,,/services/images/photo/003f4000003d6B8AAI,,,Pending,,,
003f4000003d6A3AAI,,,001f4000003Nkd7AAC,Davis,Jacob,,Jacob Davis,,,,,,,,,,7224 Pebbles St.,Olympia,NV,52298,US,,,,"{""city"":""Olympia"",""country"":""US"",""geocodeAccuracy"":null,""latitude"":null,""longitude"":null,""postalCode"":""52298"",""state"":""NV"",""street"":""7224 Pebbles St.""}",1-425-567-3219,1-425-567-3224,1-999-881-0643,1-999-881-0648,1-095-582-9698,1-095-582-9703,,sfdcjdemo01@salesforce.com,Sales Manager,,guyswithiphones,,,,005f4000000VrDDAA0,2017-08-04T09:09:38.000+0000,005f4000000VrDDAA0,2017-08-04T09:09:38.000+0000,005f4000000VrDDAA0,2017-08-04T09:34:19.000+0000,,,,,,,,,/services/images/photo/003f4000003d6A3AAI,,,Pending,,,
003f4000003d6A4AAI,,,001f4000003NkdAAAS,Willson,Michael,,Michael Willson,,,,,,,,,,626 Phillip St.,Olympic N.P.,CA,21333,US,,,,"{""city"":""Olympic N.P."",""country"":""US"",""geocodeAccuracy"":null,""latitude"":null,""longitude"":null,""postalCode"":""21333"",""state"":""CA"",""street"":""626 Phillip St.""}",1-303-356-9418,1-303-356-9423,1-095-582-9698,1-095-582-9703,1-844-722-8303,1-844-722-8308,,sfdcjdemo01@salesforce.com,Director of Sales,,djasonfleming,,,,005f4000000VrDDAA0,2017-08-04T09:09:38.000+0000,005f4000000VrDDAA0,2017-08-04T09:09:38.000+0000,005f4000000VrDDAA0,2017-08-04T09:34:19.000+0000,,,,,,,,,/services/images/photo/003f4000003d6A4AAI,,,Pending,,,
003f4000003d6A5AAI,,,001f4000003NkdOAAS,Anderson,Ethan,,Ethan Anderson,,,,,,,,,,5015 Piglet St.,Ontario,OR,26916,US,,,,"{""city"":""Ontario"",""country"":""US"",""geocodeAccuracy"":null,""latitude"":null,""longitude"":null,""postalCode"":""26916"",""state"":""OR"",""street"":""5015 Piglet St.""}",1-626-402-5973,1-626-402-5978,1-844-722-8303,1-844-722-8308,1-728-405-5134,1-728-405-5139,,sfdcjdemo01@salesforce.com,Sales Manager,,Reneesme_Cullen,,,,005f4000000VrDDAA0,2017-08-04T09:09:38.000+0000,005f4000000VrDDAA0,2017-08-04T09:09:38.000+0000,005f4000000VrDDAA0,2017-08-04T09:34:19.000+0000,,,,,,,,,/services/images/photo/003f4000003d6A5AAI,,,Pending,,,
003f4000003d6A6AAI,,,001f4000003NkdFAAS,Taylor,Joshua,,Joshua Taylor,,,,,,,,,,3166 Regine St.,Carson City,AZ,77911,US,,,,"{""city"":""Carson City"",""country"":""US"",""geocodeAccuracy"":null,""latitude"":null,""longitude"":null,""postalCode"":""77911"",""state"":""AZ"",""street"":""3166 Regine St.""}",1-999-881-0643,1-999-881-0648,1-728-405-5134,1-728-405-5139,1-994-297-0221,1-994-297-0226,,sfdcjdemo01@salesforce.com,Sales Manager,,lioness23,,,,005f4000000VrDDAA0,2017-08-04T09:09:38.000+0000,005f4000000VrDDAA0,2017-08-04T09:09:38.000+0000,005f4000000VrDDAA0,2017-08-04T09:34:19.000+0000,,,,,,,,,/services/images/photo/003f4000003d6A6AAI,,,Pending,,,
003f4000003d6A7AAI,,,001f4000003NkdWAAS,Smith,Daniel,,Daniel Smith,,,,,,,,,,4232 Sid Vicious St.,Gardena,CO,57054,US,,,,"{""city"":""Gardena"",""country"":""US"",""geocodeAccuracy"":null,""latitude"":null,""longitude"":null,""postalCode"":""57054"",""state"":""CO"",""street"":""4232 Sid Vicious St.""}",1-095-582-9698,1-095-582-9703,1-994-297-0221,1-994-297-0226,1-835-024-8952,1-835-024-8957,,sfdcjdemo01@salesforce.com,Sales Manager,,ComedyTime,,,,005f4000000VrDDAA0,2017-08-04T09:09:38.000+0000,005f4000000VrDDAA0,2017-08-04T09:09:38.000+0000,005f4000000VrDDAA0,2017-08-04T09:34:19.000+0000,,,,,,,,,/services/images/photo/003f4000003d6A7AAI,,,Pending,,,
003f4000003d6A8AAI,,,001f4000003NkdOAAS,Johnson,Christopher,,Christopher Johnson,,,,,,,,,,442 Sir Kiwi St.,Klamath Falls,MT,50813,US,,,,"{""city"":""Klamath Falls"",""country"":""US"",""geocodeAccuracy"":null,""latitude"":null,""longitude"":null,""postalCode"":""50813"",""state"":""MT"",""street"":""442 Sir Kiwi St.""}",1-844-722-8303,1-844-722-8308,1-835-024-8952,1-835-024-8957,1-435-159-1804,1-435-159-1809,,sfdcjdemo01@salesforce.com,Director of Sales,,TressaWXian,,,,005f4000000VrDDAA0,2017-08-04T09:09:38.000+0000,005f4000000VrDDAA0,2017-08-04T09:09:38.000+0000,005f4000000VrDDAA0,2017-08-04T09:34:19.000+0000,,,,,,,,,/services/images/photo/003f4000003d6A8AAI,,,Pending,,,
003f4000003d6A9AAI,,,001f4000003NkdYAAS,Williams,Anthony,,Anthony Williams,,,,,,,,,,5788 Sparkler St.,Grand Canyon N.P.,AZ,97725,US,,,,"{""city"":""Grand Canyon N.P."",""country"":""US"",""geocodeAccuracy"":null,""latitude"":null,""longitude"":null,""postalCode"":""97725"",""state"":""AZ"",""street"":""5788 Sparkler St.""}",1-728-405-5134,1-728-405-5139,1-435-159-1804,1-435-159-1809,1-591-936-3724,1-591-936-3729,,sfdcjdemo01@salesforce.com,Sales Manager,,joshnva,,,,005f4000000VrDDAA0,2017-08-04T09:09:38.000+0000,005f4000000VrDDAA0,2017-08-04T09:09:38.000+0000,005f4000000VrDDAA0,2017-08-04T09:34:19.000+0000,,,,,,,,,/services/images/photo/003f4000003d6A9AAI,,,Pending,,,
003f4000003d6AAAAY,,,001f4000003NkcxAAC,Brown,William,,William Brown,,,,,,,,,,572 Sweet Pea St.,Grand Junction,CA,30109,US,,,,"{""city"":""Grand Junction"",""country"":""US"",""geocodeAccuracy"":null,""latitude"":null,""longitude"":null,""postalCode"":""30109"",""state"":""CA"",""street"":""572 Sweet Pea St.""}",1-994-297-0221,1-994-297-0226,1-591-936-3724,1-591-936-3729,1-810-591-1080,1-810-591-1085,,sfdcjdemo01@salesforce.com,Administrator,,daanielr,,,,005f4000000VrDDAA0,2017-08-04T09:09:38.000+0000,005f4000000VrDDAA0,2017-08-04T09:09:38.000+0000,005f4000000VrDDAA0,2017-08-04T09:34:19.000+0000,,,,,,,,,/services/images/photo/003f4000003d6AAAAY,,,Pending,,,
003f4000003d6AEAAY,,,001f4000003Nkd9AAC,Jones,Matthew,,Matthew Jones,,,,,,,,,,855 Sylvester St.,Great Falls,WA,53252,US,,,,"{""city"":""Great Falls"",""country"":""US"",""geocodeAccuracy"":null,""latitude"":null,""longitude"":null,""postalCode"":""53252"",""state"":""WA"",""street"":""855 Sylvester St.""}",1-835-024-8952,1-835-024-8957,1-810-591-1080,1-810-591-1085,1-228-217-5482,1-228-217-5487,,sfdcjdemo01@salesforce.com,Administrator,,cadu_pozzan,,,,005f4000000VrDDAA0,2017-08-04T09:09:38.000+0000,005f4000000VrDDAA0,2017-08-04T09:09:38.000+0000,005f4000000VrDDAA0,2017-08-04T09:34:19.000+0000,,,,,,,,,/services/images/photo/003f4000003d6AEAAY,,,Pending,,,
003f4000003d6AFAAY,,,001f4000003Nkd6AAC,Miller,Andrew,,Andrew Miller,,,,,,,,,,1875 Tweety St.,Glendale(AZ),CO,18726,US,,,,"{""city"":""Glendale(AZ)"",""country"":""US"",""geocodeAccuracy"":null,""latitude"":null,""longitude"":null,""postalCode"":""18726"",""state"":""CO"",""street"":""1875 Tweety St.""}",1-435-159-1804,1-435-159-1809,1-228-217-5482,1-228-217-5487,1-201-568-2716,1-201-568-2721,,sfdcjdemo01@salesforce.com,Sales Manager,,ABC_Copywriting,,,,005f4000000VrDDAA0,2017-08-04T09:09:38.000+0000,005f4000000VrDDAA0,2017-08-04T09:09:38.000+0000,005f4000000VrDDAA0,2017-08-04T09:34:19.000+0000,,,,,,,,,/services/images/photo/003f4000003d6AFAAY,,,Pending,,,
003f4000003d6AGAAY,,,001f4000003NkdhAAC,Taylor,Ava,,Ava Taylor,,,,,,,,,,8454 Featherhead St.,Concord,NV,12452,US,,,,"{""city"":""Concord"",""country"":""US"",""geocodeAccuracy"":null,""latitude"":null,""longitude"":null,""postalCode"":""12452"",""state"":""NV"",""street"":""8454 Featherhead St.""}",1-201-568-2716,1-201-568-2721,1-550-292-0129,1-550-292-0134,1-036-638-6778,1-036-638-6783,,sfdcjdemo01@salesforce.com,Sales Manager,,wellheeledblog,,,,005f4000000VrDDAA0,2017-08-04T09:09:38.000+0000,005f4000000VrDDAA0,2017-08-04T09:09:38.000+0000,005f4000000VrDDAA0,2017-08-04T09:34:19.000+0000,,,,,,,,,/services/images/photo/003f4000003d6AGAAY,,,Pending,,,
003f4000003d6B3AAI,,,001f4000003NkdeAAC,Willson,Ethan,,Ethan Willson,,,,,,,,,,780 Gimpy St.,Provo,WA,76447,US,,,,"{""city"":""Provo"",""country"":""US"",""geocodeAccuracy"":null,""latitude"":null,""longitude"":null,""postalCode"":""76447"",""state"":""WA"",""street"":""780 Gimpy St.""}",1-004-401-3082,1-004-401-3087,1-549-784-5542,1-549-784-5547,1-874-381-2857,1-874-381-2862,003f4000003d6AhAAI,sfdcjdemo01@salesforce.com,Sales Manager,,ast736,,,,005f4000000VrDDAA0,2017-08-04T09:09:58.000+0000,005f4000000VrDDAA0,2017-08-04T09:09:58.000+0000,005f4000000VrDDAA0,2017-08-04T09:34:19.000+0000,,,,,,,,,/services/images/photo/003f4000003d6B3AAI,,,Pending,,,
003f4000003d6B4AAI,,,001f4000003NkctAAC,Anderson,Joshua,,Joshua Anderson,,,,,,,,,,6145 Kirby St.,Irvine,CA,71353,US,,,,"{""city"":""Irvine"",""country"":""US"",""geocodeAccuracy"":null,""latitude"":null,""longitude"":null,""postalCode"":""71353"",""state"":""CA"",""street"":""6145 Kirby St.""}",1-115-372-5869,1-115-372-5874,1-874-381-2857,1-874-381-2862,1-256-223-5483,1-256-223-5488,003f4000003d6AkAAI,sfdcjdemo01@salesforce.com,Administrator,,Kes1807,,,,005f4000000VrDDAA0,2017-08-04T09:09:58.000+0000,005f4000000VrDDAA0,2017-08-04T09:09:58.000+0000,005f4000000VrDDAA0,2017-08-04T09:34:19.000+0000,,,,,,,,,/services/images/photo/003f4000003d6B4AAI,,,Pending,,,
003f4000003d6B5AAI,,,001f4000003NkdbAAC,Taylor,Daniel,,Daniel Taylor,,,,,,,,,,5805 Maxine St.,Azusa,UT,15674,US,,,,"{""city"":""Azusa"",""country"":""US"",""geocodeAccuracy"":null,""latitude"":null,""longitude"":null,""postalCode"":""15674"",""state"":""UT"",""street"":""5805 Maxine St.""}",1-033-652-1440,1-033-652-1445,1-256-223-5483,1-256-223-5488,1-291-759-5407,1-291-759-5412,003f4000003d6AsAAI,sfdcjdemo01@salesforce.com,Administrator,,guyswithiphones,,,,005f4000000VrDDAA0,2017-08-04T09:09:58.000+0000,005f4000000VrDDAA0,2017-08-04T09:09:58.000+0000,005f4000000VrDDAA0,2017-08-04T09:34:19.000+0000,,,,,,,,,/services/images/photo/003f4000003d6B5AAI,,,Pending,,,
003f4000003d6B6AAI,,,001f4000003NkcyAAC,Johnson,William,,William Johnson,,,,,,,,,,2400 Elie St.,Vallejo,CA,16401,US,,,,"{""city"":""Vallejo"",""country"":""US"",""geocodeAccuracy"":null,""latitude"":null,""longitude"":null,""postalCode"":""16401"",""state"":""CA"",""street"":""2400 Elie St.""}",1-958-300-0693,1-958-300-0698,1-000-129-4924,1-000-129-4929,1-858-534-0868,1-858-534-0873,003f4000003d6ApAAI,sfdcjdemo01@salesforce.com,Sales Manager,,MushroomBoom,,,,005f4000000VrDDAA0,2017-08-04T09:09:58.000+0000,005f4000000VrDDAA0,2017-08-04T09:09:58.000+0000,005f4000000VrDDAA0,2017-08-04T09:34:19.000+0000,,,,,,,,,/services/images/photo/003f4000003d6B6AAI,,,Pending,,,
003f4000003d68ZAAQ,,,001f4000003NkcuAAC,Williams,Michael,,Michael Williams,,,,,,,,,,4232 Sid Vicious St.,Gardena,CO,57054,US,,,,"{""city"":""Gardena"",""country"":""US"",""geocodeAccuracy"":null,""latitude"":null,""longitude"":null,""postalCode"":""57054"",""state"":""CO"",""street"":""4232 Sid Vicious St.""}",1-172-247-9666,1-172-247-9671,1-592-870-2305,1-592-870-2310,1-604-057-8307,1-604-057-8312,,sfdcjdemo01@salesforce.com,Sales Manager,,domino,,,,005f4000000VrDDAA0,2017-08-04T09:09:38.000+0000,005f4000000VrDDAA0,2017-08-04T09:09:38.000+0000,005f4000000VrDDAA0,2017-08-04T09:34:19.000+0000,,,,,,,,,/services/images/photo/003f4000003d68ZAAQ,,,Pending,,,
003f4000003d68aAAA,,,001f4000003NkcqAAC,Taylor,Andrew,,Andrew Taylor,,,,,,,,,,10 Gondalf St.,Escondido,CA,90494,US,,,,"{""city"":""Escondido"",""country"":""US"",""geocodeAccuracy"":null,""latitude"":null,""longitude"":null,""postalCode"":""90494"",""state"":""CA"",""street"":""10 Gondalf St.""}",1-240-490-7875,1-240-490-7880,1-268-978-1805,1-268-978-1810,1-291-443-3053,1-291-443-3058,,sfdcjdemo01@salesforce.com,Sales Manager,,lioness23,,,,005f4000000VrDDAA0,2017-08-04T09:09:38.000+0000,005f4000000VrDDAA0,2017-08-04T09:09:38.000+0000,005f4000000VrDDAA0,2017-08-04T09:34:19.000+0000,,,,,,,,,/services/images/photo/003f4000003d68aAAA,,,Pending,,,
003f4000003d68bAAA,,,001f4000003Nkd6AAC,Smith,Emily,,Emily Smith,,,,,,,,,,7129 Kiwi St.,Everett,CA,69538,US,,,,"{""city"":""Everett"",""country"":""US"",""geocodeAccuracy"":null,""latitude"":null,""longitude"":null,""postalCode"":""69538"",""state"":""CA"",""street"":""7129 Kiwi St.""}",1-355-384-5897,1-355-384-5902,1-291-443-3053,1-291-443-3058,1-712-864-1012,1-712-864-1017,,sfdcjdemo01@salesforce.com,Director of Sales,,wellheeledblog,,,,005f4000000VrDDAA0,2017-08-04T09:09:38.000+0000,005f4000000VrDDAA0,2017-08-04T09:09:38.000+0000,005f4000000VrDDAA0,2017-08-04T09:34:19.000+0000,,,,,,,,,/services/images/photo/003f4000003d68bAAA,,,Pending,,,
003f4000003d68cAAA,,,001f4000003NkdbAAC,Johnson,Isabella,,Isabella Johnson,,,,,,,,,,9619 Lady Di St.,Elko,CA,35632,US,,,,"{""city"":""Elko"",""country"":""US"",""geocodeAccuracy"":null,""latitude"":null,""longitude"":null,""postalCode"":""35632"",""state"":""CA"",""street"":""9619 Lady Di St.""}",1-654-029-5857,1-654-029-5862,1-712-864-1012,1-712-864-1017,1-835-650-2486,1-835-650-2491,,sfdcjdemo01@salesforce.com,Director of Sales,,NessieCCB,,,,005f4000000VrDDAA0,2017-08-04T09:09:38.000+0000,005f4000000VrDDAA0,2017-08-04T09:09:38.000+0000,005f4000000VrDDAA0,2017-08-04T09:34:19.000+0000,,,,,,,,,/services/images/photo/003f4000003d68cAAA,,,Pending,,,
003f4000003d68dAAA,,,001f4000003NkdFAAS,Williams,Emma,,Emma Williams,,,,,,,,,,6836 Larry St.,El Monte,CO,77591,US,,,,"{""city"":""El Monte"",""country"":""US"",""geocodeAccuracy"":null,""latitude"":null,""longitude"":null,""postalCode"":""77591"",""state"":""CO"",""street"":""6836 Larry St.""}",1-268-978-1805,1-268-978-1810,1-835-650-2486,1-835-650-2491,1-832-140-4030,1-832-140-4035,,sfdcjdemo01@salesforce.com,Director of Sales,,iTodd,,,,005f4000000VrDDAA0,2017-08-04T09:09:38.000+0000,005f4000000VrDDAA0,2017-08-04T09:09:38.000+0000,005f4000000VrDDAA0,2017-08-04T09:34:19.000+0000,,,,,,,,,/services/images/photo/003f4000003d68dAAA,,,Pending,,,
003f4000003d68eAAA,,,001f4000003NkdIAAS,Brown,Ava,,Ava Brown,,,,,,,,,,483 Maxine St.,Oakland,UT,59275,US,,,,"{""city"":""Oakland"",""country"":""US"",""geocodeAccuracy"":null,""latitude"":null,""longitude"":null,""postalCode"":""59275"",""state"":""UT"",""street"":""483 Maxine St.""}",1-291-443-3053,1-291-443-3058,1-832-140-4030,1-832-140-4035,1-694-553-1780,1-694-553-1785,,sfdcjdemo01@salesforce.com,Sales Manager,,jeffbeene,,,,005f4000000VrDDAA0,2017-08-04T09:09:38.000+0000,005f4000000VrDDAA0,2017-08-04T09:09:38.000+0000,005f4000000VrDDAA0,2017-08-04T09:34:19.000+0000,,,,,,,,,/services/images/photo/003f4000003d68eAAA,,,Pending,,,
003f4000003d68fAAA,,,001f4000003NkdJAAS,Jones,Madison,,Madison Jones,,,,,,,,,,9746 Miter St.,Oceanside,WA,50519,US,,,,"{""city"":""Oceanside"",""country"":""US"",""geocodeAccuracy"":null,""latitude"":null,""longitude"":null,""postalCode"":""50519"",""state"":""WA"",""street"":""9746 Miter St.""}",1-712-864-1012,1-712-864-1017,1-694-553-1780,1-694-553-1785,1-903-294-2058,1-903-294-2063,,sfdcjdemo01@salesforce.com,Sales Manager,,BrittneyChavez,,,,005f4000000VrDDAA0,2017-08-04T09:09:38.000+0000,005f4000000VrDDAA0,2017-08-04T09:09:38.000+0000,005f4000000VrDDAA0,2017-08-04T09:34:19.000+0000,,,,,,,,,/services/images/photo/003f4000003d68fAAA,,,Pending,,,
003f4000003d68gAAA,,,001f4000003NkcmAAC,Miller,Sophia,,Sophia Miller,,,,,,,,,,6801 Pablo Honey St.,Aurora,WA,35818,US,,,,"{""city"":""Aurora"",""country"":""US"",""geocodeAccuracy"":null,""latitude"":null,""longitude"":null,""postalCode"":""35818"",""state"":""WA"",""street"":""6801 Pablo Honey St.""}",1-835-650-2486,1-835-650-2491,1-903-294-2058,1-903-294-2063,1-048-886-6901,1-048-886-6906,,sfdcjdemo01@salesforce.com,Director of Sales,,klovescoffee,,,,005f4000000VrDDAA0,2017-08-04T09:09:38.000+0000,005f4000000VrDDAA0,2017-08-04T09:09:38.000+0000,005f4000000VrDDAA0,2017-08-04T09:34:19.000+0000,,,,,,,,,/services/images/photo/003f4000003d68gAAA,,,Pending,,,
003f4000003d68hAAA,,,001f4000003NkciAAC,Davis,Olivia,,Olivia Davis,,,,,,,,,,1316 Peaches St.,Ogden,CA,91719,US,,,,"{""city"":""Ogden"",""country"":""US"",""geocodeAccuracy"":null,""latitude"":null,""longitude"":null,""postalCode"":""91719"",""state"":""CA"",""street"":""1316 Peaches St.""}",1-832-140-4030,1-832-140-4035,1-048-886-6901,1-048-886-6906,1-923-241-1637,1-923-241-1642,,sfdcjdemo01@salesforce.com,CEO,,vikomex,,,,005f4000000VrDDAA0,2017-08-04T09:09:38.000+0000,005f4000000VrDDAA0,2017-08-04T09:09:38.000+0000,005f4000000VrDDAA0,2017-08-04T09:34:19.000+0000,,,,,,,,,/services/images/photo/003f4000003d68hAAA,,,Pending,,,
003f4000003d68iAAA,,,001f4000003NkdaAAC,Willson,Abigail,,Abigail Willson,,,,,,,,,,7224 Pebbles St.,Olympia,NV,52298,US,,,,"{""city"":""Olympia"",""country"":""US"",""geocodeAccuracy"":null,""latitude"":null,""longitude"":null,""postalCode"":""52298"",""state"":""NV"",""street"":""7224 Pebbles St.""}",1-694-553-1780,1-694-553-1785,1-923-241-1637,1-923-241-1642,1-172-247-9666,1-172-247-9671,,sfdcjdemo01@salesforce.com,Director of Sales,,alejx,,,,005f4000000VrDDAA0,2017-08-04T09:09:38.000+0000,005f4000000VrDDAA0,2017-08-04T09:09:38.000+0000,005f4000000VrDDAA0,2017-08-04T09:34:19.000+0000,,,,,,,,,/services/images/photo/003f4000003d68iAAA,,,Pending,,,
003f4000003d68jAAA,,,001f4000003Nkd1AAC,Anderson,Hannah,,Hannah Anderson,,,,,,,,,,626 Phillip St.,Olympic N.P.,CA,21333,US,,,,"{""city"":""Olympic N.P."",""country"":""US"",""geocodeAccuracy"":null,""latitude"":null,""longitude"":null,""postalCode"":""21333"",""state"":""CA"",""street"":""626 Phillip St.""}",1-903-294-2058,1-903-294-2063,1-172-247-9666,1-172-247-9671,1-382-515-1645,1-382-515-1650,,sfdcjdemo01@salesforce.com,Director of Sales,,TwitchySensei,,,,005f4000000VrDDAA0,2017-08-04T09:09:38.000+0000,005f4000000VrDDAA0,2017-08-04T09:09:38.000+0000,005f4000000VrDDAA0,2017-08-04T09:34:19.000+0000,,,,,,,,,/services/images/photo/003f4000003d68jAAA,,,Pending,,,
003f4000003d68kAAA,,,001f4000003NkdYAAS,Taylor,Elizabeth,,Elizabeth Taylor,,,,,,,,,,5015 Piglet St.,Ontario,OR,26916,US,,,,"{""city"":""Ontario"",""country"":""US"",""geocodeAccuracy"":null,""latitude"":null,""longitude"":null,""postalCode"":""26916"",""state"":""OR"",""street"":""5015 Piglet St.""}",1-048-886-6901,1-048-886-6906,1-382-515-1645,1-382-515-1650,1-187-158-5440,1-187-158-5445,,sfdcjdemo01@salesforce.com,Director of Sales,,ProfHelm,,,,005f4000000VrDDAA0,2017-08-04T09:09:38.000+0000,005f4000000VrDDAA0,2017-08-04T09:09:38.000+0000,005f4000000VrDDAA0,2017-08-04T09:34:19.000+0000,,,,,,,,,/services/images/photo/003f4000003d68kAAA,,,Pending,,,
003f4000003d68lAAA,,,001f4000003NkcjAAC,Johnson,Jacob,,Jacob Johnson,,,,,,,,,,3166 Regine St.,Carson City,AZ,77911,US,,,,"{""city"":""Carson City"",""country"":""US"",""geocodeAccuracy"":null,""latitude"":null,""longitude"":null,""postalCode"":""77911"",""state"":""AZ"",""street"":""3166 Regine St.""}",1-923-241-1637,1-923-241-1642,1-187-158-5440,1-187-158-5445,1-592-870-2305,1-592-870-2310,,sfdcjdemo01@salesforce.com,Sales Manager,,anninham,,,,005f4000000VrDDAA0,2017-08-04T09:09:38.000+0000,005f4000000VrDDAA0,2017-08-04T09:09:38.000+0000,005f4000000VrDDAA0,2017-08-04T09:34:19.000+0000,,,,,,,,,/services/images/photo/003f4000003d68lAAA,,,Pending,,,
003f4000003d68mAAA,,,001f4000003NkcxAAC,Brown,Ethan,,Ethan Brown,,,,,,,,,,442 Sir Kiwi St.,Klamath Falls,MT,50813,US,,,,"{""city"":""Klamath Falls"",""country"":""US"",""geocodeAccuracy"":null,""latitude"":null,""longitude"":null,""postalCode"":""50813"",""state"":""MT"",""street"":""442 Sir Kiwi St.""}",1-382-515-1645,1-382-515-1650,1-604-057-8307,1-604-057-8312,1-443-890-7799,1-443-890-7804,,sfdcjdemo01@salesforce.com,Purchasing Manager,,ndcollier,,,,005f4000000VrDDAA0,2017-08-04T09:09:38.000+0000,005f4000000VrDDAA0,2017-08-04T09:09:38.000+0000,005f4000000VrDDAA0,2017-08-04T09:34:19.000+0000,,,,,,,,,/services/images/photo/003f4000003d68mAAA,,,Pending,,,
003f4000003d68nAAA,,,001f4000003NkdLAAS,Jones,Joshua,,Joshua Jones,,,,,,,,,,5788 Sparkler St.,Grand Canyon N.P.,AZ,97725,US,,,,"{""city"":""Grand Canyon N.P."",""country"":""US"",""geocodeAccuracy"":null,""latitude"":null,""longitude"":null,""postalCode"":""97725"",""state"":""AZ"",""street"":""5788 Sparkler St.""}",1-187-158-5440,1-187-158-5445,1-443-890-7799,1-443-890-7804,1-825-584-8704,1-825-584-8709,,sfdcjdemo01@salesforce.com,Director of Sales,,MushroomBoom,,,,005f4000000VrDDAA0,2017-08-04T09:09:38.000+0000,005f4000000VrDDAA0,2017-08-04T09:09:38.000+0000,005f4000000VrDDAA0,2017-08-04T09:34:19.000+0000,,,,,,,,,/services/images/photo/003f4000003d68nAAA,,,Pending,,,
003f4000003d68oAAA,,,001f4000003NkdmAAC,Miller,Daniel,,Daniel Miller,,,,,,,,,,572 Sweet Pea St.,Grand Junction,CA,30109,US,,,,"{""city"":""Grand Junction"",""country"":""US"",""geocodeAccuracy"":null,""latitude"":null,""longitude"":null,""postalCode"":""30109"",""state"":""CA"",""street"":""572 Sweet Pea St.""}",1-592-870-2305,1-592-870-2310,1-825-584-8704,1-825-584-8709,1-605-839-0998,1-605-839-1003,,sfdcjdemo01@salesforce.com,Director of Sales,,DenisceBecker,,,,005f4000000VrDDAA0,2017-08-04T09:09:38.000+0000,005f4000000VrDDAA0,2017-08-04T09:09:38.000+0000,005f4000000VrDDAA0,2017-08-04T09:34:19.000+0000,,,,,,,,,/services/images/photo/003f4000003d68oAAA,,,Pending,,,
003f4000003d68pAAA,,,001f4000003Nkd5AAC,Davis,Christopher,,Christopher Davis,,,,,,,,,,855 Sylvester St.,Great Falls,WA,53252,US,,,,"{""city"":""Great Falls"",""country"":""US"",""geocodeAccuracy"":null,""latitude"":null,""longitude"":null,""postalCode"":""53252"",""state"":""WA"",""street"":""855 Sylvester St.""}",1-604-057-8307,1-604-057-8312,1-605-839-0998,1-605-839-1003,1-015-887-0236,1-015-887-0241,,sfdcjdemo01@salesforce.com,Director of Sales,,degasperinetto,,,,005f4000000VrDDAA0,2017-08-04T09:09:38.000+0000,005f4000000VrDDAA0,2017-08-04T09:09:38.000+0000,005f4000000VrDDAA0,2017-08-04T09:34:19.000+0000,,,,,,,,,/services/images/photo/003f4000003d68pAAA,,,Pending,,,
003f4000003d68qAAA,,,001f4000003NkcnAAC,Willson,Anthony,,Anthony Willson,,,,,,,,,,1875 Tweety St.,Glendale(AZ),CO,18726,US,,,,"{""city"":""Glendale(AZ)"",""country"":""US"",""geocodeAccuracy"":null,""latitude"":null,""longitude"":null,""postalCode"":""18726"",""state"":""CO"",""street"":""1875 Tweety St.""}",1-443-890-7799,1-443-890-7804,1-015-887-0236,1-015-887-0241,1-268-162-4477,1-268-162-4482,,sfdcjdemo01@salesforce.com,Director of Sales,,ast736,,,,005f4000000VrDDAA0,2017-08-04T09:09:38.000+0000,005f4000000VrDDAA0,2017-08-04T09:09:38.000+0000,005f4000000VrDDAA0,2017-08-04T09:34:19.000+0000,,,,,,,,,/services/images/photo/003f4000003d68qAAA,,,Pending,,,
003f4000003d68rAAA,,,001f4000003NkdJAAS,Jones,Ava,,Ava Jones,,,,,,,,,,3844 Lance St.,South Lake Tahoe(NV),CA,77243,US,,,,"{""city"":""South Lake Tahoe(NV)"",""country"":""US"",""geocodeAccuracy"":null,""latitude"":null,""longitude"":null,""postalCode"":""77243"",""state"":""CA"",""street"":""3844 Lance St.""}",1-569-608-7102,1-569-608-7107,1-325-952-1624,1-325-952-1629,1-124-129-9560,1-124-129-9565,,sfdcjdemo01@salesforce.com,Director of Sales,,Kes1807,,,,005f4000000VrDDAA0,2017-08-04T09:09:38.000+0000,005f4000000VrDDAA0,2017-08-04T09:09:38.000+0000,005f4000000VrDDAA0,2017-08-04T09:34:19.000+0000,,,,,,,,,/services/images/photo/003f4000003d68rAAA,,,Pending,,,
003f4000003d68sAAA,,,001f4000003NkcjAAC,Miller,Madison,,Madison Miller,,,,,,,,,,9823 Smokey Joe St.,Sacramento,CA,46804,US,,,,"{""city"":""Sacramento"",""country"":""US"",""geocodeAccuracy"":null,""latitude"":null,""longitude"":null,""postalCode"":""46804"",""state"":""CA"",""street"":""9823 Smokey Joe St.""}",1-361-553-3325,1-361-553-3330,1-124-129-9560,1-124-129-9565,1-180-734-3399,1-180-734-3404,,sfdcjdemo01@salesforce.com,Director of Technology,,guyswithiphones,,,,005f4000000VrDDAA0,2017-08-04T09:09:38.000+0000,005f4000000VrDDAA0,2017-08-04T09:09:38.000+0000,005f4000000VrDDAA0,2017-08-04T09:34:19.000+0000,,,,,,,,,/services/images/photo/003f4000003d68sAAA,,,Pending,,,
003f4000003d68tAAA,,,001f4000003NkcxAAC,Davis,Sophia,,Sophia Davis,,,,,,,,,,9161 8-ball St.,Sunnyvale,AZ,41326,US,,,,"{""city"":""Sunnyvale"",""country"":""US"",""geocodeAccuracy"":null,""latitude"":null,""longitude"":null,""postalCode"":""41326"",""state"":""AZ"",""street"":""9161 8-ball St.""}",1-018-509-3382,1-018-509-3387,1-180-734-3399,1-180-734-3404,1-178-102-2638,1-178-102-2643,,sfdcjdemo01@salesforce.com,Director of Technology,,djasonfleming,,,,005f4000000VrDDAA0,2017-08-04T09:09:38.000+0000,005f4000000VrDDAA0,2017-08-04T09:09:38.000+0000,005f4000000VrDDAA0,2017-08-04T09:34:19.000+0000,,,,,,,,,/services/images/photo/003f4000003d68tAAA,,,Pending,,,
003f4000003d68uAAA,,,001f4000003NkcxAAC,Willson,Olivia,,Olivia Willson,,,,,,,,,,3260 Alex St.,Salinas,CA,99535,US,,,,"{""city"":""Salinas"",""country"":""US"",""geocodeAccuracy"":null,""latitude"":null,""longitude"":null,""postalCode"":""99535"",""state"":""CA"",""street"":""3260 Alex St.""}",1-325-952-1624,1-325-952-1629,1-178-102-2638,1-178-102-2643,1-766-370-5153,1-766-370-5158,,sfdcjdemo01@salesforce.com,Director of Sales,,Reneesme_Cullen,,,,005f4000000VrDDAA0,2017-08-04T09:09:38.000+0000,005f4000000VrDDAA0,2017-08-04T09:09:38.000+0000,005f4000000VrDDAA0,2017-08-04T09:34:19.000+0000,,,,,,,,,/services/images/photo/003f4000003d68uAAA,,,Pending,,,
003f4000003d68vAAA,,,001f4000003NkdcAAC,Anderson,Abigail,,Abigail Anderson,,,,,,,,,,4119 Andy St.,San Ysidro,CA,54126,US,,,,"{""city"":""San Ysidro"",""country"":""US"",""geocodeAccuracy"":null,""latitude"":null,""longitude"":null,""postalCode"":""54126"",""state"":""CA"",""street"":""4119 Andy St.""}",1-124-129-9560,1-124-129-9565,1-766-370-5153,1-766-370-5158,1-243-276-6840,1-243-276-6845,,sfdcjdemo01@salesforce.com,CEO,,lioness23,,,,005f4000000VrDDAA0,2017-08-04T09:09:38.000+0000,005f4000000VrDDAA0,2017-08-04T09:09:38.000+0000,005f4000000VrDDAA0,2018-02-16T11:37:49.000+0000,,,,,,,,,/services/images/photo/003f4000003d68vAAA,,,Pending,,,
003f4000003d68wAAA,,,001f4000003NkdiAAC,Taylor,Hannah,,Hannah Taylor,,,,,,,,,,5903 Angel St.,Sun City,CA,48173,US,,,,"{""city"":""Sun City"",""country"":""US"",""geocodeAccuracy"":null,""latitude"":null,""longitude"":null,""postalCode"":""48173"",""state"":""CA"",""street"":""5903 Angel St.""}",1-180-734-3399,1-180-734-3404,1-243-276-6840,1-243-276-6845,1-320-200-6261,1-320-200-6266,,sfdcjdemo01@salesforce.com,Sales Manager,,ComedyTime,,,,005f4000000VrDDAA0,2017-08-04T09:09:38.000+0000,005f4000000VrDDAA0,2017-08-04T09:09:38.000+0000,005f4000000VrDDAA0,2017-08-04T09:34:19.000+0000,,,,,,,,,/services/images/photo/003f4000003d68wAAA,,,Pending,,,
003f4000003d68xAAA,,,001f4000003NkcpAAC,Davis,Daniel,,Daniel Davis,,,,,,,,,,2937 Bailey St.,Santa Monica,CA,77934,US,,,,"{""city"":""Santa Monica"",""country"":""US"",""geocodeAccuracy"":null,""latitude"":null,""longitude"":null,""postalCode"":""77934"",""state"":""CA"",""street"":""2937 Bailey St.""}",1-366-482-0422,1-366-482-0427,1-050-655-5366,1-050-655-5371,1-963-835-3100,1-963-835-3105,,sfdcjdemo01@salesforce.com,Director of Sales,,TressaWXian,,,,005f4000000VrDDAA0,2017-08-04T09:09:38.000+0000,005f4000000VrDDAA0,2017-08-04T09:09:38.000+0000,005f4000000VrDDAA0,2017-08-04T09:34:19.000+0000,,,,,,,,,/services/images/photo/003f4000003d68xAAA,,,Pending,,,
003f4000003d68yAAA,,,001f4000003NkdiAAC,Willson,Christopher,,Christopher Willson,,,,,,,,,,6588 Bashful St.,Santa Rosa,CA,69487,US,,,,"{""city"":""Santa Rosa"",""country"":""US"",""geocodeAccuracy"":null,""latitude"":null,""longitude"":null,""postalCode"":""69487"",""state"":""CA"",""street"":""6588 Bashful St.""}",1-691-501-1932,1-691-501-1937,1-963-835-3100,1-963-835-3105,1-362-366-0202,1-362-366-0207,,sfdcjdemo01@salesforce.com,CEO,,joshnva,,,,005f4000000VrDDAA0,2017-08-04T09:09:38.000+0000,005f4000000VrDDAA0,2017-08-04T09:09:38.000+0000,005f4000000VrDDAA0,2017-08-04T09:34:19.000+0000,,,,,,,,,/services/images/photo/003f4000003d68yAAA,,,Pending,,,
003f4000003d68zAAA,,,001f4000003Nkd3AAC,Anderson,Anthony,,Anthony Anderson,,,,,,,,,,5635 Baxter St.,San Diego,CA,48349,US,,,,"{""city"":""San Diego"",""country"":""US"",""geocodeAccuracy"":null,""latitude"":null,""longitude"":null,""postalCode"":""48349"",""state"":""CA"",""street"":""5635 Baxter St.""}",1-426-178-2236,1-426-178-2241,1-362-366-0202,1-362-366-0207,1-353-132-9925,1-353-132-9930,,sfdcjdemo01@salesforce.com,Director of Sales,,daanielr,,,,005f4000000VrDDAA0,2017-08-04T09:09:38.000+0000,005f4000000VrDDAA0,2017-08-04T09:09:38.000+0000,005f4000000VrDDAA0,2017-08-04T09:34:19.000+0000,,,,,,,,,/services/images/photo/003f4000003d68zAAA,,,Pending,,,
003f4000003d690AAA,,,001f4000003NkdjAAC,Taylor,William,,William Taylor,,,,,,,,,,5307 Beaker St.,San Jose,CA,30232,US,,,,"{""city"":""San Jose"",""country"":""US"",""geocodeAccuracy"":null,""latitude"":null,""longitude"":null,""postalCode"":""30232"",""state"":""CA"",""street"":""5307 Beaker St.""}",1-050-655-5366,1-050-655-5371,1-353-132-9925,1-353-132-9930,1-506-728-1201,1-506-728-1206,,sfdcjdemo01@salesforce.com,CEO,,cadu_pozzan,,,,005f4000000VrDDAA0,2017-08-04T09:09:38.000+0000,005f4000000VrDDAA0,2017-08-04T09:09:38.000+0000,005f4000000VrDDAA0,2017-08-04T09:34:19.000+0000,,,,,,,,,/services/images/photo/003f4000003d690AAA,,,Pending,,,
003f4000003d691AAA,,,001f4000003NkdIAAS,Smith,Matthew,,Matthew Smith,,,,,,,,,,904 Bijou St.,San Bernardino,CA,90821,US,,,,"{""city"":""San Bernardino"",""country"":""US"",""geocodeAccuracy"":null,""latitude"":null,""longitude"":null,""postalCode"":""90821"",""state"":""CA"",""street"":""904 Bijou St.""}",1-963-835-3100,1-963-835-3105,1-506-728-1201,1-506-728-1206,1-346-400-2753,1-346-400-2758,,sfdcjdemo01@salesforce.com,Director of Sales,,ABC_Copywriting,,,,005f4000000VrDDAA0,2017-08-04T09:09:38.000+0000,005f4000000VrDDAA0,2017-08-04T09:09:38.000+0000,005f4000000VrDDAA0,2017-08-04T09:34:19.000+0000,,,,,,,,,/services/images/photo/003f4000003d691AAA,,,Pending,,,
003f4000003d692AAA,,,001f4000003NkclAAC,Johnson,Andrew,,Andrew Johnson,,,,,,,,,,1543 Bilbo Baggins St.,San Fernando,CA,91617,US,,,,"{""city"":""San Fernando"",""country"":""US"",""geocodeAccuracy"":null,""latitude"":null,""longitude"":null,""postalCode"":""91617"",""state"":""CA"",""street"":""1543 Bilbo Baggins St.""}",1-362-366-0202,1-362-366-0207,1-346-400-2753,1-346-400-2758,1-607-664-9874,1-607-664-9879,,sfdcjdemo01@salesforce.com,Director of Sales,,wellheeledblog,,,,005f4000000VrDDAA0,2017-08-04T09:09:38.000+0000,005f4000000VrDDAA0,2017-08-04T09:09:38.000+0000,005f4000000VrDDAA0,2017-08-04T09:34:19.000+0000,,,,,,,,,/services/images/photo/003f4000003d692AAA,,,Pending,,,
003f4000003d693AAA,,,001f4000003NkcwAAC,Willson,Sophia,,Sophia Willson,,,,,,,,,,2428 Bright Eyes St.,Cedar City,CA,12035,US,,,,"{""city"":""Cedar City"",""country"":""US"",""geocodeAccuracy"":null,""latitude"":null,""longitude"":null,""postalCode"":""12035"",""state"":""CA"",""street"":""2428 Bright Eyes St.""}",1-251-426-7561,1-251-426-7566,1-489-217-1582,1-489-217-1587,1-942-932-9300,1-942-932-9305,,sfdcjdemo01@salesforce.com,Director of Sales,,NessieCCB,,,,005f4000000VrDDAA0,2017-08-04T09:09:38.000+0000,005f4000000VrDDAA0,2017-08-04T09:09:38.000+0000,005f4000000VrDDAA0,2017-08-04T09:34:19.000+0000,,,,,,,,,/services/images/photo/003f4000003d693AAA,,,Pending,,,
003f4000003d694AAA,,,001f4000003NkdHAAS,Anderson,Olivia,,Olivia Anderson,,,,,,,,,,5068 Bubbles St.,Cheyenne,OR,47762,US,,,,"{""city"":""Cheyenne"",""country"":""US"",""geocodeAccuracy"":null,""latitude"":null,""longitude"":null,""postalCode"":""47762"",""state"":""OR"",""street"":""5068 Bubbles St.""}",1-535-852-8740,1-535-852-8745,1-942-932-9300,1-942-932-9305,1-496-285-1785,1-496-285-1790,,sfdcjdemo01@salesforce.com,Director of Sales,,iTodd,,,,005f4000000VrDDAA0,2017-08-04T09:09:38.000+0000,005f4000000VrDDAA0,2017-08-04T09:09:38.000+0000,005f4000000VrDDAA0,2017-08-04T09:34:19.000+0000,,,,,,,,,/services/images/photo/003f4000003d694AAA,,,Pending,,,
003f4000003d695AAA,,,001f4000003NkdCAAS,Taylor,Abigail,,Abigail Taylor,,,,,,,,,,7607 Bullet St.,Scottsdale,WA,29415,US,,,,"{""city"":""Scottsdale"",""country"":""US"",""geocodeAccuracy"":null,""latitude"":null,""longitude"":null,""postalCode"":""29415"",""state"":""WA"",""street"":""7607 Bullet St.""}",1-771-254-4747,1-771-254-4752,1-496-285-1785,1-496-285-1790,1-421-143-3513,1-421-143-3518,,sfdcjdemo01@salesforce.com,Director of Sales,,jeffbeene,,,,005f4000000VrDDAA0,2017-08-04T09:09:38.000+0000,005f4000000VrDDAA0,2017-08-04T09:09:38.000+0000,005f4000000VrDDAA0,2017-08-04T09:34:19.000+0000,,,,,,,,,/services/images/photo/003f4000003d695AAA,,,Pending,,,
003f4000003d696AAA,,,001f4000003NkdZAAS,Smith,Hannah,,Hannah Smith,,,,,,,,,,924 Bundles St.,Stockton,OR,52993,US,,,,"{""city"":""Stockton"",""country"":""US"",""geocodeAccuracy"":null,""latitude"":null,""longitude"":null,""postalCode"":""52993"",""state"":""OR"",""street"":""924 Bundles St.""}",1-489-217-1582,1-489-217-1587,1-421-143-3513,1-421-143-3518,1-622-489-8913,1-622-489-8918,,sfdcjdemo01@salesforce.com,Director of Sales,,BrittneyChavez,,,,005f4000000VrDDAA0,2017-08-04T09:09:38.000+0000,005f4000000VrDDAA0,2017-08-04T09:09:38.000+0000,005f4000000VrDDAA0,2017-08-04T09:34:19.000+0000,,,,,,,,,/services/images/photo/003f4000003d696AAA,,,Pending,,,
003f4000003d697AAA,,,001f4000003NkckAAC,Johnson,Elizabeth,,Elizabeth Johnson,,,,,,,,,,768 Buster St.,Springfield,UT,88978,US,,,,"{""city"":""Springfield"",""country"":""US"",""geocodeAccuracy"":null,""latitude"":null,""longitude"":null,""postalCode"":""88978"",""state"":""UT"",""street"":""768 Buster St.""}",1-942-932-9300,1-942-932-9305,1-622-489-8913,1-622-489-8918,1-727-448-5929,1-727-448-5934,,sfdcjdemo01@salesforce.com,Director of Sales,,klovescoffee,,,,005f4000000VrDDAA0,2017-08-04T09:09:38.000+0000,005f4000000VrDDAA0,2017-08-04T09:09:38.000+0000,005f4000000VrDDAA0,2017-08-04T09:34:19.000+0000,,,,,,,,,/services/images/photo/003f4000003d697AAA,,,Pending,,,
003f4000003d698AAA,,,001f4000003NkcvAAC,Brown,Jacob,,Jacob Brown,,,,,,,,,,1460 Byrdie St.,Spokane,UT,89915,US,,,,"{""city"":""Spokane"",""country"":""US"",""geocodeAccuracy"":null,""latitude"":null,""longitude"":null,""postalCode"":""89915"",""state"":""UT"",""street"":""1460 Byrdie St.""}",1-496-285-1785,1-496-285-1790,1-727-448-5929,1-727-448-5934,1-601-276-1663,1-601-276-1668,,sfdcjdemo01@salesforce.com,Director of Sales,,vikomex,,,,005f4000000VrDDAA0,2017-08-04T09:09:38.000+0000,005f4000000VrDDAA0,2017-08-04T09:09:38.000+0000,005f4000000VrDDAA0,2017-08-04T09:34:19.000+0000,,,,,,,,,/services/images/photo/003f4000003d698AAA,,,Pending,,,
003f4000003d699AAA,,,001f4000003NkddAAC,Jones,Michael,,Michael Jones,,,,,,,,,,7188 Callie St.,Salem,WA,65445,US,,,,"{""city"":""Salem"",""country"":""US"",""geocodeAccuracy"":null,""latitude"":null,""longitude"":null,""postalCode"":""65445"",""state"":""WA"",""street"":""7188 Callie St.""}",1-421-143-3513,1-421-143-3518,1-601-276-1663,1-601-276-1668,1-662-879-3089,1-662-879-3094,,sfdcjdemo01@salesforce.com,CEO,,alejx,,,,005f4000000VrDDAA0,2017-08-04T09:09:38.000+0000,005f4000000VrDDAA0,2017-08-04T09:09:38.000+0000,005f4000000VrDDAA0,2017-08-04T09:34:19.000+0000,,,,,,,,,/services/images/photo/003f4000003d699AAA,,,Pending,,,
003f4000003d69AAAQ,,,001f4000003NkdjAAC,Miller,Ethan,,Ethan Miller,,,,,,,,,,9836 Calypso St.,Saint George,CA,23544,US,,,,"{""city"":""Saint George"",""country"":""US"",""geocodeAccuracy"":null,""latitude"":null,""longitude"":null,""postalCode"":""23544"",""state"":""CA"",""street"":""9836 Calypso St.""}",1-622-489-8913,1-622-489-8918,1-662-879-3089,1-662-879-3094,1-223-766-6293,1-223-766-6298,,sfdcjdemo01@salesforce.com,Sales Manager,,TwitchySensei,,,,005f4000000VrDDAA0,2017-08-04T09:09:38.000+0000,005f4000000VrDDAA0,2017-08-04T09:09:38.000+0000,005f4000000VrDDAA0,2017-08-04T09:34:19.000+0000,,,,,,,,,/services/images/photo/003f4000003d69AAAQ,,,Pending,,,
003f4000003d69BAAQ,,,001f4000003NkciAAC,Davis,Joshua,,Joshua Davis,,,,,,,,,,519 Catorze St.,Salt Lake City,CA,59040,US,,,,"{""city"":""Salt Lake City"",""country"":""US"",""geocodeAccuracy"":null,""latitude"":null,""longitude"":null,""postalCode"":""59040"",""state"":""CA"",""street"":""519 Catorze St.""}",1-727-448-5929,1-727-448-5934,1-223-766-6293,1-223-766-6298,1-315-538-2900,1-315-538-2905,,sfdcjdemo01@salesforce.com,Administrator,,ProfHelm,,,,005f4000000VrDDAA0,2017-08-04T09:09:38.000+0000,005f4000000VrDDAA0,2017-08-04T09:09:38.000+0000,005f4000000VrDDAA0,2017-08-04T09:34:19.000+0000,,,,,,,,,/services/images/photo/003f4000003d69BAAQ,,,Pending,,,
003f4000003d69CAAQ,,,001f4000003NkdgAAC,Williams,Andrew,,Andrew Williams,,,,,,,,,,7256 Cindy St.,Daly City,CO,27649,US,,,,"{""city"":""Daly City"",""country"":""US"",""geocodeAccuracy"":null,""latitude"":null,""longitude"":null,""postalCode"":""27649"",""state"":""CO"",""street"":""7256 Cindy St.""}",1-997-321-8401,1-997-321-8406,1-947-214-6022,1-947-214-6027,1-212-293-1470,1-212-293-1475,,sfdcjdemo01@salesforce.com,Sales Manager,,anninham,,,,005f4000000VrDDAA0,2017-08-04T09:09:38.000+0000,005f4000000VrDDAA0,2017-08-04T09:09:38.000+0000,005f4000000VrDDAA0,2017-08-04T09:34:19.000+0000,,,,,,,,,/services/images/photo/003f4000003d69CAAQ,,,Pending,,,
003f4000003d69DAAQ,,,001f4000003NkdAAAS,Brown,Emily,,Emily Brown,,,,,,,,,,148 Cinnamon St.,Death Valley,AZ,30585,US,,,,"{""city"":""Death Valley"",""country"":""US"",""geocodeAccuracy"":null,""latitude"":null,""longitude"":null,""postalCode"":""30585"",""state"":""AZ"",""street"":""148 Cinnamon St.""}",1-297-818-6038,1-297-818-6043,1-212-293-1470,1-212-293-1475,1-493-895-2099,1-493-895-2104,,sfdcjdemo01@salesforce.com,Sales Manager,,domino,,,,005f4000000VrDDAA0,2017-08-04T09:09:38.000+0000,005f4000000VrDDAA0,2017-08-04T09:09:38.000+0000,005f4000000VrDDAA0,2017-08-04T09:34:19.000+0000,,,,,,,,,/services/images/photo/003f4000003d69DAAQ,,,Pending,,,
003f4000003d69EAAQ,,,001f4000003NkdBAAS,Jones,Isabella,,Isabella Jones,,,,,,,,,,2600 Clio St.,Del Mar,CA,34191,US,,,,"{""city"":""Del Mar"",""country"":""US"",""geocodeAccuracy"":null,""latitude"":null,""longitude"":null,""postalCode"":""34191"",""state"":""CA"",""street"":""2600 Clio St.""}",1-082-239-4181,1-082-239-4186,1-493-895-2099,1-493-895-2104,1-157-557-1978,1-157-557-1983,,sfdcjdemo01@salesforce.com,Sales Manager,,ComedyTime,,,,005f4000000VrDDAA0,2017-08-04T09:09:38.000+0000,005f4000000VrDDAA0,2017-08-04T09:09:38.000+0000,005f4000000VrDDAA0,2017-08-04T09:34:19.000+0000,,,,,,,,,/services/images/photo/003f4000003d69EAAQ,,,Pending,,,
003f4000003d69FAAQ,,,001f4000003NkdGAAS,Miller,Emma,,Emma Miller,,,,,,,,,,2108 Cob St.,Denver,CA,72350,US,,,,"{""city"":""Denver"",""country"":""US"",""geocodeAccuracy"":null,""latitude"":null,""longitude"":null,""postalCode"":""72350"",""state"":""CA"",""street"":""2108 Cob St.""}",1-947-214-6022,1-947-214-6027,1-157-557-1978,1-157-557-1983,1-598-132-5745,1-598-132-5750,,sfdcjdemo01@salesforce.com,Sales Manager,,ndcollier,,,,005f4000000VrDDAA0,2017-08-04T09:09:38.000+0000,005f4000000VrDDAA0,2017-08-04T09:09:38.000+0000,005f4000000VrDDAA0,2017-08-04T09:34:19.000+0000,,,,,,,,,/services/images/photo/003f4000003d69FAAQ,,,Pending,,,
003f4000003d69GAAQ,,,001f4000003NkdPAAS,Davis,Ava,,Ava Davis,,,,,,,,,,3448 Coco St.,Tempe,CA,87215,US,,,,"{""city"":""Tempe"",""country"":""US"",""geocodeAccuracy"":null,""latitude"":null,""longitude"":null,""postalCode"":""87215"",""state"":""CA"",""street"":""3448 Coco St.""}",1-212-293-1470,1-212-293-1475,1-598-132-5745,1-598-132-5750,1-244-448-5635,1-244-448-5640,,sfdcjdemo01@salesforce.com,Sales Manager,,MushroomBoom,,,,005f4000000VrDDAA0,2017-08-04T09:09:38.000+0000,005f4000000VrDDAA0,2017-08-04T09:09:38.000+0000,005f4000000VrDDAA0,2017-08-04T09:34:19.000+0000,,,,,,,,,/services/images/photo/003f4000003d69GAAQ,,,Pending,,,
003f4000003d69HAAQ,,,001f4000003NkdnAAC,Willson,Madison,,Madison Willson,,,,,,,,,,1505 Cocoa St.,Torrance,CA,12126,US,,,,"{""city"":""Torrance"",""country"":""US"",""geocodeAccuracy"":null,""latitude"":null,""longitude"":null,""postalCode"":""12126"",""state"":""CA"",""street"":""1505 Cocoa St.""}",1-493-895-2099,1-493-895-2104,1-244-448-5635,1-244-448-5640,1-144-510-7014,1-144-510-7019,,sfdcjdemo01@salesforce.com,Director of Sales,,DenisceBecker,,,,005f4000000VrDDAA0,2017-08-04T09:09:38.000+0000,005f4000000VrDDAA0,2017-08-04T09:09:38.000+0000,005f4000000VrDDAA0,2017-08-04T09:34:19.000+0000,,,,,,,,,/services/images/photo/003f4000003d69HAAQ,,,Pending,,,
003f4000003d69IAAQ,,,001f4000003NkdTAAS,Anderson,Sophia,,Sophia Anderson,,,,,,,,,,1052 Coy St.,Napa,AZ,41837,US,,,,"{""city"":""Napa"",""country"":""US"",""geocodeAccuracy"":null,""latitude"":null,""longitude"":null,""postalCode"":""41837"",""state"":""AZ"",""street"":""1052 Coy St.""}",1-157-557-1978,1-157-557-1983,1-144-510-7014,1-144-510-7019,1-613-859-5688,1-613-859-5693,,sfdcjdemo01@salesforce.com,Director of Sales,,degasperinetto,,,,005f4000000VrDDAA0,2017-08-04T09:09:38.000+0000,005f4000000VrDDAA0,2017-08-04T09:09:38.000+0000,005f4000000VrDDAA0,2017-08-04T09:34:19.000+0000,,,,,,,,,/services/images/photo/003f4000003d69IAAQ,,,Pending,,,
003f4000003d69JAAQ,,,001f4000003NkdfAAC,Taylor,Olivia,,Olivia Taylor,,,,,,,,,,9576 Cricket St.,Newport Beach,CA,51916,US,,,,"{""city"":""Newport Beach"",""country"":""US"",""geocodeAccuracy"":null,""latitude"":null,""longitude"":null,""postalCode"":""51916"",""state"":""CA"",""street"":""9576 Cricket St.""}",1-598-132-5745,1-598-132-5750,1-613-859-5688,1-613-859-5693,1-367-509-5506,1-367-509-5511,,sfdcjdemo01@salesforce.com,Administrator,,ast736,,,,005f4000000VrDDAA0,2017-08-04T09:09:38.000+0000,005f4000000VrDDAA0,2017-08-04T09:09:38.000+0000,005f4000000VrDDAA0,2017-08-04T09:34:19.000+0000,,,,,,,,,/services/images/photo/003f4000003d69JAAQ,,,Pending,,,
003f4000003d69KAAQ,,,001f4000003NkczAAC,Davis,Ethan,,Ethan Davis,,,,,,,,,,3158 Daniel St.,Palmdale,CA,18669,US,,,,"{""city"":""Palmdale"",""country"":""US"",""geocodeAccuracy"":null,""latitude"":null,""longitude"":null,""postalCode"":""18669"",""state"":""CA"",""street"":""3158 Daniel St.""}",1-587-891-7663,1-587-891-7668,1-531-106-2761,1-531-106-2766,1-861-056-6245,1-861-056-6250,,sfdcjdemo01@salesforce.com,Sales Manager,,Kes1807,,,,005f4000000VrDDAA0,2017-08-04T09:09:38.000+0000,005f4000000VrDDAA0,2017-08-04T09:09:38.000+0000,005f4000000VrDDAA0,2017-08-04T09:34:19.000+0000,,,,,,,,,/services/images/photo/003f4000003d69KAAQ,,,Pending,,,
003f4000003d69LAAQ,,,001f4000003NkdvAAC,Brown,Joshua,,Joshua Brown,,,,,,,,,,4492 T-Bird St.,Anaheim,AK,71495,US,,,,"{""city"":""Anaheim"",""country"":""US"",""geocodeAccuracy"":null,""latitude"":null,""longitude"":null,""postalCode"":""71495"",""state"":""AK"",""street"":""4492 T-Bird St.""}",1-465-247-5069,1-465-247-5074,1-490-191-1509,1-490-191-1514,1-061-398-6209,1-061-398-6214,,sfdcjdemo01@salesforce.com,Sales Manager,,klovescoffee,,,,005f4000000VrDDAA0,2017-08-04T09:09:38.000+0000,005f4000000VrDDAA0,2017-08-04T09:09:38.000+0000,005f4000000VrDDAA0,2017-08-04T09:34:19.000+0000,,,,,,,,,/services/images/photo/003f4000003d69LAAQ,,,Pending,,,
003f4000003d69MAAQ,,,001f4000003NkdxAAC,Jones,Daniel,,Daniel Jones,,,,,,,,,,9571 Aqua St.,Alta,CA,93351,US,,,,"{""city"":""Alta"",""country"":""US"",""geocodeAccuracy"":null,""latitude"":null,""longitude"":null,""postalCode"":""93351"",""state"":""CA"",""street"":""9571 Aqua St.""}",1-069-607-3123,1-069-607-3128,1-061-398-6209,1-061-398-6214,1-741-278-6793,1-741-278-6798,,sfdcjdemo01@salesforce.com,Sales Manager,,vikomex,,,,005f4000000VrDDAA0,2017-08-04T09:09:38.000+0000,005f4000000VrDDAA0,2017-08-04T09:09:38.000+0000,005f4000000VrDDAA0,2017-08-04T09:34:19.000+0000,,,,,,,,,/services/images/photo/003f4000003d69MAAQ,,,Pending,,,
003f4000003d69NAAQ,,,001f4000003NkdoAAC,Miller,Christopher,,Christopher Miller,,,,,,,,,,711 Batty St.,Albuquerque,CA,35807,US,,,,"{""city"":""Albuquerque"",""country"":""US"",""geocodeAccuracy"":null,""latitude"":null,""longitude"":null,""postalCode"":""35807"",""state"":""CA"",""street"":""711 Batty St.""}",1-785-474-1645,1-785-474-1650,1-741-278-6793,1-741-278-6798,1-240-490-7875,1-240-490-7880,,sfdcjdemo01@salesforce.com,Sales Manager,,alejx,,,,005f4000000VrDDAA0,2017-08-04T09:09:38.000+0000,005f4000000VrDDAA0,2017-08-04T09:09:38.000+0000,005f4000000VrDDAA0,2017-08-04T09:34:19.000+0000,,,,,,,,,/services/images/photo/003f4000003d69NAAQ,,,Pending,,,
003f4000003d69OAAQ,,,001f4000003NkdtAAC,Johnson,Emily,,Emily Johnson,,,,,,,,,,8454 Featherhead St.,Concord,NV,12452,US,,,,"{""city"":""Concord"",""country"":""US"",""geocodeAccuracy"":null,""latitude"":null,""longitude"":null,""postalCode"":""12452"",""state"":""NV"",""street"":""8454 Featherhead St.""}",1-268-162-4477,1-268-162-4482,1-569-608-7102,1-569-608-7107,1-361-553-3325,1-361-553-3330,,sfdcjdemo01@salesforce.com,Administrator,,DenisceBecker,,,,005f4000000VrDDAA0,2017-08-04T09:09:38.000+0000,005f4000000VrDDAA0,2017-08-04T09:09:38.000+0000,005f4000000VrDDAA0,2017-08-04T09:34:19.000+0000,,,,,,,,,/services/images/photo/003f4000003d69OAAQ,,,Pending,,,
003f4000003d69PAAQ,,,001f4000003NkduAAC,Williams,Isabella,,Isabella Williams,,,,,,,,,,1003 Gabriel St.,Sausalito,CA,34566,US,,,,"{""city"":""Sausalito"",""country"":""US"",""geocodeAccuracy"":null,""latitude"":null,""longitude"":null,""postalCode"":""34566"",""state"":""CA"",""street"":""1003 Gabriel St.""}",1-905-687-1724,1-905-687-1729,1-361-553-3325,1-361-553-3330,1-018-509-3382,1-018-509-3387,,sfdcjdemo01@salesforce.com,Director of Technology,,degasperinetto,,,,005f4000000VrDDAA0,2017-08-04T09:09:38.000+0000,005f4000000VrDDAA0,2017-08-04T09:09:38.000+0000,005f4000000VrDDAA0,2017-08-04T09:34:19.000+0000,,,,,,,,,/services/images/photo/003f4000003d69PAAQ,,,Pending,,,
003f4000003d69QAAQ,,,001f4000003NkdpAAC,Williams,Emily,,Emily Williams,,,,,,,,,,4170 Blackjack St.,San Francisco,CA,24496,US,,,,"{""city"":""San Francisco"",""country"":""US"",""geocodeAccuracy"":null,""latitude"":null,""longitude"":null,""postalCode"":""24496"",""state"":""CA"",""street"":""4170 Blackjack St.""}",1-353-132-9925,1-353-132-9930,1-607-664-9874,1-607-664-9879,1-828-382-0708,1-828-382-0713,,sfdcjdemo01@salesforce.com,Sales Manager,,ComedyTime,,,,005f4000000VrDDAA0,2017-08-04T09:09:38.000+0000,005f4000000VrDDAA0,2017-08-04T09:09:38.000+0000,005f4000000VrDDAA0,2017-08-04T09:34:19.000+0000,,,,,,,,,/services/images/photo/003f4000003d69QAAQ,,,Pending,,,
003f4000003d69RAAQ,,,001f4000003NkdtAAC,Davis,Madison,,Madison Davis,,,,,,,,,,6951 BoBo St.,Seattle,AZ,94337,US,,,,"{""city"":""Seattle"",""country"":""US"",""geocodeAccuracy"":null,""latitude"":null,""longitude"":null,""postalCode"":""94337"",""state"":""AZ"",""street"":""6951 BoBo St.""}",1-828-382-0708,1-828-382-0713,1-771-254-4747,1-771-254-4752,1-489-217-1582,1-489-217-1587,,sfdcjdemo01@salesforce.com,Director of Technology,,cadu_pozzan,,,,005f4000000VrDDAA0,2017-08-04T09:09:38.000+0000,005f4000000VrDDAA0,2017-08-04T09:09:38.000+0000,005f4000000VrDDAA0,2017-08-04T09:34:19.000+0000,,,,,,,,,/services/images/photo/003f4000003d69RAAQ,,,Pending,,,
003f4000003d69SAAQ,,,001f4000003NkdwAAC,Willson,Daniel,,Daniel Willson,,,,,,,,,,2007 Cha Cha St.,Tacoma,AZ,70348,US,,,,"{""city"":""Tacoma"",""country"":""US"",""geocodeAccuracy"":null,""latitude"":null,""longitude"":null,""postalCode"":""70348"",""state"":""AZ"",""street"":""2007 Cha Cha St.""}",1-601-276-1663,1-601-276-1668,1-315-538-2900,1-315-538-2905,1-062-379-2469,1-062-379-2474,,sfdcjdemo01@salesforce.com,Director of Sales,,ABC_Copywriting,,,,005f4000000VrDDAA0,2017-08-04T09:09:38.000+0000,005f4000000VrDDAA0,2017-08-04T09:09:38.000+0000,005f4000000VrDDAA0,2017-08-04T09:34:19.000+0000,,,,,,,,,/services/images/photo/003f4000003d69SAAQ,,,Pending,,,
003f4000003d69TAAQ,,,001f4000003NkdxAAC,Anderson,Christopher,,Christopher Anderson,,,,,,,,,,4980 Cheeky St.,Chico,CA,43902,US,,,,"{""city"":""Chico"",""country"":""US"",""geocodeAccuracy"":null,""latitude"":null,""longitude"":null,""postalCode"":""43902"",""state"":""CA"",""street"":""4980 Cheeky St.""}",1-662-879-3089,1-662-879-3094,1-062-379-2469,1-062-379-2474,1-997-321-8401,1-997-321-8406,,sfdcjdemo01@salesforce.com,Director of Sales,,wellheeledblog,,,,005f4000000VrDDAA0,2017-08-04T09:09:38.000+0000,005f4000000VrDDAA0,2017-08-04T09:09:38.000+0000,005f4000000VrDDAA0,2017-08-04T09:34:19.000+0000,,,,,,,,,/services/images/photo/003f4000003d69TAAQ,,,Pending,,,
003f4000003d69UAAQ,,,001f4000003NkdyAAC,Johnson,Hannah,,Hannah Johnson,,,,,,,,,,7164 Curly St.,Nogales,CA,49010,US,,,,"{""city"":""Nogales"",""country"":""US"",""geocodeAccuracy"":null,""latitude"":null,""longitude"":null,""postalCode"":""49010"",""state"":""CA"",""street"":""7164 Curly St.""}",1-144-510-7014,1-144-510-7019,1-405-591-9097,1-405-591-9102,1-587-891-7663,1-587-891-7668,,sfdcjdemo01@salesforce.com,Director of Sales,,klovescoffee,,,,005f4000000VrDDAA0,2017-08-04T09:09:38.000+0000,005f4000000VrDDAA0,2017-08-04T09:09:38.000+0000,005f4000000VrDDAA0,2017-08-04T09:34:19.000+0000,,,,,,,,,/services/images/photo/003f4000003d69UAAQ,,,Pending,,,
003f4000003d69VAAQ,,,001f4000003NkdyAAC,Williams,Elizabeth,,Elizabeth Williams,,,,,,,,,,2178 Cutie-Pied St.,Berkeley,CA,59886,US,,,,"{""city"":""Berkeley"",""country"":""US"",""geocodeAccuracy"":null,""latitude"":null,""longitude"":null,""postalCode"":""59886"",""state"":""CA"",""street"":""2178 Cutie-Pied St.""}",1-613-859-5688,1-613-859-5693,1-587-891-7663,1-587-891-7668,1-961-455-3957,1-961-455-3962,,sfdcjdemo01@salesforce.com,Sales Manager,,vikomex,,,,005f4000000VrDDAA0,2017-08-04T09:09:38.000+0000,005f4000000VrDDAA0,2017-08-04T09:09:38.000+0000,005f4000000VrDDAA0,2017-08-04T09:34:19.000+0000,,,,,,,,,/services/images/photo/003f4000003d69VAAQ,,,Pending,,,
003f4000003d69WAAQ,,,001f4000003Nke0AAC,Jones,Elizabeth,,Elizabeth Jones,,,,,,,,,,3877 Gershwin St.,Flagstaff,UT,72880,US,,,,"{""city"":""Flagstaff"",""country"":""US"",""geocodeAccuracy"":null,""latitude"":null,""longitude"":null,""postalCode"":""72880"",""state"":""UT"",""street"":""3877 Gershwin St.""}",1-092-883-2241,1-092-883-2246,1-004-401-3082,1-004-401-3087,1-115-372-5869,1-115-372-5874,,sfdcjdemo01@salesforce.com,Sales Manager,,anninham,,,,005f4000000VrDDAA0,2017-08-04T09:09:38.000+0000,005f4000000VrDDAA0,2017-08-04T09:09:38.000+0000,005f4000000VrDDAA0,2017-08-04T09:34:19.000+0000,,,,,,,,,/services/images/photo/003f4000003d69WAAQ,,,Pending,,,
003f4000003d69XAAQ,,,001f4000003NkdrAAC,Miller,Jacob,,Jacob Miller,,,,,,,,,,825 Giggles St.,Fremont,CA,48705,US,,,,"{""city"":""Fremont"",""country"":""US"",""geocodeAccuracy"":null,""latitude"":null,""longitude"":null,""postalCode"":""48705"",""state"":""CA"",""street"":""825 Giggles St.""}",1-859-235-2722,1-859-235-2727,1-115-372-5869,1-115-372-5874,1-033-652-1440,1-033-652-1445,,sfdcjdemo01@salesforce.com,Sales Manager,,domino,,,,005f4000000VrDDAA0,2017-08-04T09:09:38.000+0000,005f4000000VrDDAA0,2017-08-04T09:09:38.000+0000,005f4000000VrDDAA0,2017-08-04T09:34:19.000+0000,,,,,,,,,/services/images/photo/003f4000003d69XAAQ,,,Pending,,,
003f4000003d69YAAQ,,,001f4000003NkdlAAC,Jones,Jacob,,Jacob Jones,,,,,,,,,,312 Dallila St.,Burbank,CA,83206,US,,,,"{""city"":""Burbank"",""country"":""US"",""geocodeAccuracy"":null,""latitude"":null,""longitude"":null,""postalCode"":""83206"",""state"":""CA"",""street"":""312 Dallila St.""}",1-367-509-5506,1-367-509-5511,1-961-455-3957,1-961-455-3962,1-432-949-4204,1-432-949-4209,,sfdcjdemo01@salesforce.com,Sales Manager,,alejx,,,,005f4000000VrDDAA0,2017-08-04T09:09:38.000+0000,005f4000000VrDDAA0,2017-08-04T09:09:38.000+0000,005f4000000VrDDAA0,2017-08-04T09:34:19.000+0000,,,,,,,,,/services/images/photo/003f4000003d69YAAQ,,,Pending,,,
003f4000003d69ZAAQ,,,001f4000003NkduAAC,Miller,Michael,,Michael Miller,,,,,,,,,,7940 Dandruff St.,Palm Springs,CA,13238,US,,,,"{""city"":""Palm Springs"",""country"":""US"",""geocodeAccuracy"":null,""latitude"":null,""longitude"":null,""postalCode"":""13238"",""state"":""CA"",""street"":""7940 Dandruff St.""}",1-405-591-9097,1-405-591-9102,1-432-949-4204,1-432-949-4209,1-531-106-2761,1-531-106-2766,,sfdcjdemo01@salesforce.com,Administrator,,TwitchySensei,,,,005f4000000VrDDAA0,2017-08-04T09:09:38.000+0000,005f4000000VrDDAA0,2017-08-04T09:09:38.000+0000,005f4000000VrDDAA0,2017-08-04T09:34:19.000+0000,,,,,,,,,/services/images/photo/003f4000003d69ZAAQ,,,Pending,,,
003f4000003d69aAAA,,,001f4000003NkdkAAC,Williams,Hannah,,Hannah Williams,,,,,,,,,,5845 Georgie Girl St.,Fullerton,CA,59817,US,,,,"{""city"":""Fullerton"",""country"":""US"",""geocodeAccuracy"":null,""latitude"":null,""longitude"":null,""postalCode"":""59817"",""state"":""CA"",""street"":""5845 Georgie Girl St.""}",1-536-571-6831,1-536-571-6836,1-784-093-5256,1-784-093-5261,1-004-401-3082,1-004-401-3087,,sfdcjdemo01@salesforce.com,Director of Sales,,ProfHelm,,,,005f4000000VrDDAA0,2017-08-04T09:09:38.000+0000,005f4000000VrDDAA0,2017-08-04T09:09:38.000+0000,005f4000000VrDDAA0,2017-08-04T09:34:19.000+0000,,,,,,,,,/services/images/photo/003f4000003d69aAAA,,,Pending,,,
003f4000003d69bAAA,,,001f4000003NkdXAAS,Willson,Joshua,,Joshua Willson,,,,,,,,,,4872 Danny Boy St.,Visalia,CA,23927,US,,,,"{""city"":""Visalia"",""country"":""US"",""geocodeAccuracy"":null,""latitude"":null,""longitude"":null,""postalCode"":""23927"",""state"":""CA"",""street"":""4872 Danny Boy St.""}",1-961-455-3957,1-961-455-3962,1-861-056-6245,1-861-056-6250,1-958-300-0693,1-958-300-0698,,sfdcjdemo01@salesforce.com,Director of Sales,,guyswithiphones,,,,005f4000000VrDDAA0,2017-08-04T09:09:38.000+0000,005f4000000VrDDAA0,2017-08-04T09:09:38.000+0000,005f4000000VrDDAA0,2017-08-04T09:34:19.000+0000,,,,,,,,,/services/images/photo/003f4000003d69bAAA,,,Pending,,,
003f4000003d69cAAA,,,001f4000003NkdZAAS,Anderson,Daniel,,Daniel Anderson,,,,,,,,,,7127 Disney St.,Pasadena,CA,47056,US,,,,"{""city"":""Pasadena"",""country"":""US"",""geocodeAccuracy"":null,""latitude"":null,""longitude"":null,""postalCode"":""47056"",""state"":""CA"",""street"":""7127 Disney St.""}",1-432-949-4204,1-432-949-4209,1-958-300-0693,1-958-300-0698,1-945-796-3556,1-945-796-3561,,sfdcjdemo01@salesforce.com,Sales Manager,,djasonfleming,,,,005f4000000VrDDAA0,2017-08-04T09:09:38.000+0000,005f4000000VrDDAA0,2017-08-04T09:09:38.000+0000,005f4000000VrDDAA0,2017-08-04T09:34:19.000+0000,,,,,,,,,/services/images/photo/003f4000003d69cAAA,,,Pending,,,
003f4000003d69dAAA,,,001f4000003NkdqAAC,Taylor,Christopher,,Christopher Taylor,,,,,,,,,,6989 Dusty St.,Paramount,CA,69542,US,,,,"{""city"":""Paramount"",""country"":""US"",""geocodeAccuracy"":null,""latitude"":null,""longitude"":null,""postalCode"":""69542"",""state"":""CA"",""street"":""6989 Dusty St.""}",1-531-106-2761,1-531-106-2766,1-945-796-3556,1-945-796-3561,1-312-410-6415,1-312-410-6420,,sfdcjdemo01@salesforce.com,Director of Sales,,Reneesme_Cullen,,,,005f4000000VrDDAA0,2017-08-04T09:09:38.000+0000,005f4000000VrDDAA0,2017-08-04T09:09:38.000+0000,005f4000000VrDDAA0,2017-08-04T09:34:19.000+0000,,,,,,,,,/services/images/photo/003f4000003d69dAAA,,,Pending,,,
003f4000003d69eAAA,,,001f4000003NkdQAAS,Smith,Anthony,,Anthony Smith,,,,,,,,,,3867 Dutch Apple Pied St.,Hollywood,WA,53342,US,,,,"{""city"":""Hollywood"",""country"":""US"",""geocodeAccuracy"":null,""latitude"":null,""longitude"":null,""postalCode"":""53342"",""state"":""WA"",""street"":""3867 Dutch Apple Pied St.""}",1-861-056-6245,1-861-056-6250,1-312-410-6415,1-312-410-6420,1-000-129-4924,1-000-129-4929,,sfdcjdemo01@salesforce.com,Sales Manager,,lioness23,,,,005f4000000VrDDAA0,2017-08-04T09:09:38.000+0000,005f4000000VrDDAA0,2017-08-04T09:09:38.000+0000,005f4000000VrDDAA0,2017-08-04T09:34:19.000+0000,,,,,,,,,/services/images/photo/003f4000003d69eAAA,,,Pending,,,
003f4000003d69fAAA,,,001f4000003NkckAAC,Brown,Andrew,,Andrew Brown,,,,,,,,,,6387 Elvis St.,Vancouver(WA),OR,59609,US,,,,"{""city"":""Vancouver(WA)"",""country"":""US"",""geocodeAccuracy"":null,""latitude"":null,""longitude"":null,""postalCode"":""59609"",""state"":""OR"",""street"":""6387 Elvis St.""}",1-312-410-6415,1-312-410-6420,1-955-473-4111,1-955-473-4116,1-971-435-3566,1-971-435-3571,,sfdcjdemo01@salesforce.com,Sales Manager,,ComedyTime,,,,005f4000000VrDDAA0,2017-08-04T09:09:38.000+0000,005f4000000VrDDAA0,2017-08-04T09:09:38.000+0000,005f4000000VrDDAA0,2017-08-04T09:34:19.000+0000,,,,,,,,,/services/images/photo/003f4000003d69fAAA,,,Pending,,,
003f4000003d69gAAA,,,001f4000003NkdKAAS,Jones,Emily,,Emily Jones,,,,,,,,,,8445 Erica St.,Huntington Beach,HI,81847,US,,,,"{""city"":""Huntington Beach"",""country"":""US"",""geocodeAccuracy"":null,""latitude"":null,""longitude"":null,""postalCode"":""81847"",""state"":""HI"",""street"":""8445 Erica St.""}",1-000-129-4924,1-000-129-4929,1-971-435-3566,1-971-435-3571,1-928-219-1515,1-928-219-1520,,sfdcjdemo01@salesforce.com,Sales Manager,,TressaWXian,,,,005f4000000VrDDAA0,2017-08-04T09:09:38.000+0000,005f4000000VrDDAA0,2017-08-04T09:09:38.000+0000,005f4000000VrDDAA0,2017-08-04T09:34:19.000+0000,,,,,,,,,/services/images/photo/003f4000003d69gAAA,,,Pending,,,
003f4000003d69hAAA,,,001f4000003Nkd0AAC,Miller,Isabella,,Isabella Miller,,,,,,,,,,2378 Foxy St.,Beaverton,AK,98416,US,,,,"{""city"":""Beaverton"",""country"":""US"",""geocodeAccuracy"":null,""latitude"":null,""longitude"":null,""postalCode"":""98416"",""state"":""AK"",""street"":""2378 Foxy St.""}",1-858-534-0868,1-858-534-0873,1-928-219-1515,1-928-219-1520,1-132-102-5973,1-132-102-5978,,sfdcjdemo01@salesforce.com,Sales Manager,,joshnva,,,,005f4000000VrDDAA0,2017-08-04T09:09:38.000+0000,005f4000000VrDDAA0,2017-08-04T09:09:38.000+0000,005f4000000VrDDAA0,2017-08-04T09:34:19.000+0000,,,,,,,,,/services/images/photo/003f4000003d69hAAA,,,Pending,,,
003f4000003d69iAAA,,,001f4000003NkdPAAS,Davis,Emma,,Emma Davis,,,,,,,,,,2861 Frack St.,Hillsboro,AZ,62185,US,,,,"{""city"":""Hillsboro"",""country"":""US"",""geocodeAccuracy"":null,""latitude"":null,""longitude"":null,""postalCode"":""62185"",""state"":""AZ"",""street"":""2861 Frack St.""}",1-955-473-4111,1-955-473-4116,1-132-102-5973,1-132-102-5978,1-245-315-6382,1-245-315-6387,,sfdcjdemo01@salesforce.com,Director of Sales,,daanielr,,,,005f4000000VrDDAA0,2017-08-04T09:09:38.000+0000,005f4000000VrDDAA0,2017-08-04T09:09:38.000+0000,005f4000000VrDDAA0,2017-08-04T09:34:19.000+0000,,,,,,,,,/services/images/photo/003f4000003d69iAAA,,,Pending,,,
003f4000003d69jAAA,,,001f4000003NkdNAAS,Willson,Ava,,Ava Willson,,,,,,,,,,2524 Freckles St.,Hilo,CO,57239,US,,,,"{""city"":""Hilo"",""country"":""US"",""geocodeAccuracy"":null,""latitude"":null,""longitude"":null,""postalCode"":""57239"",""state"":""CO"",""street"":""2524 Freckles St.""}",1-971-435-3566,1-971-435-3571,1-245-315-6382,1-245-315-6387,1-490-274-2682,1-490-274-2687,,sfdcjdemo01@salesforce.com,Sales Manager,,cadu_pozzan,,,,005f4000000VrDDAA0,2017-08-04T09:09:38.000+0000,005f4000000VrDDAA0,2017-08-04T09:09:38.000+0000,005f4000000VrDDAA0,2017-08-04T09:34:19.000+0000,,,,,,,,,/services/images/photo/003f4000003d69jAAA,,,Pending,,,
003f4000003d69kAAA,,,001f4000003Nkd4AAC,Anderson,Madison,,Madison Anderson,,,,,,,,,,6184 Freefall St.,Fairbanks,CO,85117,US,,,,"{""city"":""Fairbanks"",""country"":""US"",""geocodeAccuracy"":null,""latitude"":null,""longitude"":null,""postalCode"":""85117"",""state"":""CO"",""street"":""6184 Freefall St.""}",1-928-219-1515,1-928-219-1520,1-490-274-2682,1-490-274-2687,1-536-571-6831,1-536-571-6836,,sfdcjdemo01@salesforce.com,Director of Sales,,ABC_Copywriting,,,,005f4000000VrDDAA0,2017-08-04T09:09:38.000+0000,005f4000000VrDDAA0,2017-08-04T09:09:38.000+0000,005f4000000VrDDAA0,2017-08-04T09:34:19.000+0000,,,,,,,,,/services/images/photo/003f4000003d69kAAA,,,Pending,,,
003f4000003d69lAAA,,,001f4000003NkdRAAS,Taylor,Sophia,,Sophia Taylor,,,,,,,,,,9617 Frick St.,Phoenix,CA,15815,US,,,,"{""city"":""Phoenix"",""country"":""US"",""geocodeAccuracy"":null,""latitude"":null,""longitude"":null,""postalCode"":""15815"",""state"":""CA"",""street"":""9617 Frick St.""}",1-132-102-5973,1-132-102-5978,1-536-571-6831,1-536-571-6836,1-092-883-2241,1-092-883-2246,,sfdcjdemo01@salesforce.com,Sales Manager,,wellheeledblog,,,,005f4000000VrDDAA0,2017-08-04T09:09:38.000+0000,005f4000000VrDDAA0,2017-08-04T09:09:38.000+0000,005f4000000VrDDAA0,2017-08-04T09:34:19.000+0000,,,,,,,,,/services/images/photo/003f4000003d69lAAA,,,Pending,,,
003f4000003d69mAAA,,,001f4000003NkdSAAS,Smith,Olivia,,Olivia Smith,,,,,,,,,,6235 Gabby St.,Pueblo,AZ,25943,US,,,,"{""city"":""Pueblo"",""country"":""US"",""geocodeAccuracy"":null,""latitude"":null,""longitude"":null,""postalCode"":""25943"",""state"":""AZ"",""street"":""6235 Gabby St.""}",1-245-315-6382,1-245-315-6387,1-092-883-2241,1-092-883-2246,1-859-235-2722,1-859-235-2727,,sfdcjdemo01@salesforce.com,Sales Manager,,NessieCCB,,,,005f4000000VrDDAA0,2017-08-04T09:09:38.000+0000,005f4000000VrDDAA0,2017-08-04T09:09:38.000+0000,005f4000000VrDDAA0,2017-08-04T09:34:19.000+0000,,,,,,,,,/services/images/photo/003f4000003d69mAAA,,,Pending,,,
003f4000003d69nAAA,,,001f4000003NkdVAAS,Johnson,Abigail,,Abigail Johnson,,,,,,,,,,1263 Garcia St.,Fort Collins,CA,14514,US,,,,"{""city"":""Fort Collins"",""country"":""US"",""geocodeAccuracy"":null,""latitude"":null,""longitude"":null,""postalCode"":""14514"",""state"":""CA"",""street"":""1263 Garcia St.""}",1-490-274-2682,1-490-274-2687,1-859-235-2722,1-859-235-2727,1-784-093-5256,1-784-093-5261,,sfdcjdemo01@salesforce.com,Sales Manager,,iTodd,,,,005f4000000VrDDAA0,2017-08-04T09:09:38.000+0000,005f4000000VrDDAA0,2017-08-04T09:09:38.000+0000,005f4000000VrDDAA0,2017-08-04T09:34:19.000+0000,,,,,,,,,/services/images/photo/003f4000003d69nAAA,,,Pending,,,
003f4000003d69oAAA,,,001f4000003Nkd2AAC,Smith,Christopher,,Christopher Smith,,,,,,,,,,8946 Smoky St.,Aspen,NM,25422,US,,,,"{""city"":""Aspen"",""country"":""US"",""geocodeAccuracy"":null,""latitude"":null,""longitude"":null,""postalCode"":""25422"",""state"":""NM"",""street"":""8946 Smoky St.""}",1-549-784-5542,1-549-784-5547,1-291-759-5407,1-291-759-5412,1-122-203-3290,1-122-203-3295,,sfdcjdemo01@salesforce.com,CEO,,jeffbeene,,,,005f4000000VrDDAA0,2017-08-04T09:09:38.000+0000,005f4000000VrDDAA0,2017-08-04T09:09:38.000+0000,005f4000000VrDDAA0,2017-08-04T09:34:19.000+0000,,,,,,,,,/services/images/photo/003f4000003d69oAAA,,,Pending,,,
003f4000003d69pAAA,,,001f4000003NkdMAAS,Johnson,Anthony,,Anthony Johnson,,,,,,,,,,4492 T-Bird St.,Anaheim,AK,71495,US,,,,"{""city"":""Anaheim"",""country"":""US"",""geocodeAccuracy"":null,""latitude"":null,""longitude"":null,""postalCode"":""71495"",""state"":""AK"",""street"":""4492 T-Bird St.""}",1-874-381-2857,1-874-381-2862,1-122-203-3290,1-122-203-3295,1-715-063-3878,1-715-063-3883,,sfdcjdemo01@salesforce.com,Director of Sales,,BrittneyChavez,,,,005f4000000VrDDAA0,2017-08-04T09:09:38.000+0000,005f4000000VrDDAA0,2017-08-04T09:09:38.000+0000,005f4000000VrDDAA0,2017-08-04T09:34:19.000+0000,,,,,,,,,/services/images/photo/003f4000003d69pAAA,,,Pending,,,
003f4000003d69qAAA,,,001f4000003NkcsAAC,Williams,William,,William Williams,,,,,,,,,,9571 Aqua St.,Alta,CA,93351,US,,,,"{""city"":""Alta"",""country"":""US"",""geocodeAccuracy"":null,""latitude"":null,""longitude"":null,""postalCode"":""93351"",""state"":""CA"",""street"":""9571 Aqua St.""}",1-256-223-5483,1-256-223-5488,1-715-063-3878,1-715-063-3883,1-437-199-9971,1-437-199-9976,,sfdcjdemo01@salesforce.com,Sales Manager,,klovescoffee,,,,005f4000000VrDDAA0,2017-08-04T09:09:38.000+0000,005f4000000VrDDAA0,2017-08-04T09:09:38.000+0000,005f4000000VrDDAA0,2017-08-04T09:34:19.000+0000,,,,,,,,,/services/images/photo/003f4000003d69qAAA,,,Pending,,,
003f4000003d69rAAA,,,001f4000003NkdQAAS,Brown,Matthew,,Matthew Brown,,,,,,,,,,711 Batty St.,Albuquerque,CA,35807,US,,,,"{""city"":""Albuquerque"",""country"":""US"",""geocodeAccuracy"":null,""latitude"":null,""longitude"":null,""postalCode"":""35807"",""state"":""CA"",""street"":""711 Batty St.""}",1-291-759-5407,1-291-759-5412,1-437-199-9971,1-437-199-9976,1-045-203-3372,1-045-203-3377,,sfdcjdemo01@salesforce.com,Director of Sales,,vikomex,,,,005f4000000VrDDAA0,2017-08-04T09:09:38.000+0000,005f4000000VrDDAA0,2017-08-04T09:09:38.000+0000,005f4000000VrDDAA0,2017-08-04T09:34:19.000+0000,,,,,,,,,/services/images/photo/003f4000003d69rAAA,,,Pending,,,
003f4000003d69sAAA,,,001f4000003NkchAAC,Jones,Andrew,,Andrew Jones,,,,,,,,,,8359 Blue St.,Anchorage,CA,48438,US,,,,"{""city"":""Anchorage"",""country"":""US"",""geocodeAccuracy"":null,""latitude"":null,""longitude"":null,""postalCode"":""48438"",""state"":""CA"",""street"":""8359 Blue St.""}",1-122-203-3290,1-122-203-3295,1-045-203-3372,1-045-203-3377,1-479-670-1744,1-479-670-1749,,sfdcjdemo01@salesforce.com,Director of Sales,,alejx,,,,005f4000000VrDDAA0,2017-08-04T09:09:38.000+0000,005f4000000VrDDAA0,2017-08-04T09:09:38.000+0000,005f4000000VrDDAA0,2017-08-04T09:34:19.000+0000,,,,,,,,,/services/images/photo/003f4000003d69sAAA,,,Pending,,,
003f4000003d69tAAA,,,001f4000003NkdUAAS,Miller,Emily,,Emily Miller,,,,,,,,,,5391 Charlie Parker St.,Antioch,WA,95885,US,,,,"{""city"":""Antioch"",""country"":""US"",""geocodeAccuracy"":null,""latitude"":null,""longitude"":null,""postalCode"":""95885"",""state"":""WA"",""street"":""5391 Charlie Parker St.""}",1-715-063-3878,1-715-063-3883,1-479-670-1744,1-479-670-1749,1-348-703-5396,1-348-703-5401,,sfdcjdemo01@salesforce.com,Sales Manager,,TwitchySensei,,,,005f4000000VrDDAA0,2017-08-04T09:09:38.000+0000,005f4000000VrDDAA0,2017-08-04T09:09:38.000+0000,005f4000000VrDDAA0,2017-08-04T09:34:19.000+0000,,,,,,,,,/services/images/photo/003f4000003d69tAAA,,,Pending,,,
003f4000003d69uAAA,,,001f4000003NkcyAAC,Davis,Isabella,,Isabella Davis,,,,,,,,,,5427 Donnie St.,East Los Angeles,NV,28666,US,,,,"{""city"":""East Los Angeles"",""country"":""US"",""geocodeAccuracy"":null,""latitude"":null,""longitude"":null,""postalCode"":""28666"",""state"":""NV"",""street"":""5427 Donnie St.""}",1-437-199-9971,1-437-199-9976,1-348-703-5396,1-348-703-5401,1-788-604-8532,1-788-604-8537,,sfdcjdemo01@salesforce.com,CEO,,ProfHelm,,,,005f4000000VrDDAA0,2017-08-04T09:09:38.000+0000,005f4000000VrDDAA0,2017-08-04T09:09:38.000+0000,005f4000000VrDDAA0,2017-08-04T09:34:19.000+0000,,,,,,,,,/services/images/photo/003f4000003d69uAAA,,,Pending,,,
003f4000003d69vAAA,,,001f4000003Nkd8AAC,Willson,Emma,,Emma Willson,,,,,,,,,,10 Gondalf St.,Escondido,CA,90494,US,,,,"{""city"":""Escondido"",""country"":""US"",""geocodeAccuracy"":null,""latitude"":null,""longitude"":null,""postalCode"":""90494"",""state"":""CA"",""street"":""10 Gondalf St.""}",1-045-203-3372,1-045-203-3377,1-788-604-8532,1-788-604-8537,1-682-479-0265,1-682-479-0270,,sfdcjdemo01@salesforce.com,CEO,,anninham,,,,005f4000000VrDDAA0,2017-08-04T09:09:38.000+0000,005f4000000VrDDAA0,2017-08-04T09:09:38.000+0000,005f4000000VrDDAA0,2017-08-04T09:34:19.000+0000,,,,,,,,,/services/images/photo/003f4000003d69vAAA,,,Pending,,,
003f4000003d69wAAA,,,001f4000003NkdeAAC,Anderson,Ava,,Ava Anderson,,,,,,,,,,7129 Kiwi St.,Everett,CA,69538,US,,,,"{""city"":""Everett"",""country"":""US"",""geocodeAccuracy"":null,""latitude"":null,""longitude"":null,""postalCode"":""69538"",""state"":""CA"",""street"":""7129 Kiwi St.""}",1-479-670-1744,1-479-670-1749,1-682-479-0265,1-682-479-0270,1-892-087-0489,1-892-087-0494,,sfdcjdemo01@salesforce.com,CEO,,domino,,,,005f4000000VrDDAA0,2017-08-04T09:09:38.000+0000,005f4000000VrDDAA0,2017-08-04T09:09:38.000+0000,005f4000000VrDDAA0,2017-08-04T09:34:19.000+0000,,,,,,,,,/services/images/photo/003f4000003d69wAAA,,,Pending,,,
003f4000003d69xAAA,,,001f4000003NkctAAC,Taylor,Madison,,Madison Taylor,,,,,,,,,,9619 Lady Di St.,Elko,CA,35632,US,,,,"{""city"":""Elko"",""country"":""US"",""geocodeAccuracy"":null,""latitude"":null,""longitude"":null,""postalCode"":""35632"",""state"":""CA"",""street"":""9619 Lady Di St.""}",1-348-703-5396,1-348-703-5401,1-892-087-0489,1-892-087-0494,1-375-378-2600,1-375-378-2605,,sfdcjdemo01@salesforce.com,Director of Technology,,ndcollier,,,,005f4000000VrDDAA0,2017-08-04T09:09:38.000+0000,005f4000000VrDDAA0,2017-08-04T09:09:38.000+0000,005f4000000VrDDAA0,2017-08-04T09:34:19.000+0000,,,,,,,,,/services/images/photo/003f4000003d69xAAA,,,Pending,,,
003f4000003d69yAAA,,,001f4000003NkctAAC,Smith,Sophia,,Sophia Smith,,,,,,,,,,6836 Larry St.,El Monte,CO,77591,US,,,,"{""city"":""El Monte"",""country"":""US"",""geocodeAccuracy"":null,""latitude"":null,""longitude"":null,""postalCode"":""77591"",""state"":""CO"",""street"":""6836 Larry St.""}",1-788-604-8532,1-788-604-8537,1-375-378-2600,1-375-378-2605,1-134-852-3804,1-134-852-3809,,sfdcjdemo01@salesforce.com,Director of Sales,,MushroomBoom,,,,005f4000000VrDDAA0,2017-08-04T09:09:38.000+0000,005f4000000VrDDAA0,2017-08-04T09:09:38.000+0000,005f4000000VrDDAA0,2017-08-04T09:34:19.000+0000,,,,,,,,,/services/images/photo/003f4000003d69yAAA,,,Pending,,,
003f4000003d69zAAA,,,001f4000003NkdfAAC,Johnson,Olivia,,Olivia Johnson,,,,,,,,,,483 Maxine St.,Oakland,UT,59275,US,,,,"{""city"":""Oakland"",""country"":""US"",""geocodeAccuracy"":null,""latitude"":null,""longitude"":null,""postalCode"":""59275"",""state"":""UT"",""street"":""483 Maxine St.""}",1-682-479-0265,1-682-479-0270,1-134-852-3804,1-134-852-3809,1-425-567-3219,1-425-567-3224,,sfdcjdemo01@salesforce.com,CEO,,DenisceBecker,,,,005f4000000VrDDAA0,2017-08-04T09:09:38.000+0000,005f4000000VrDDAA0,2017-08-04T09:09:38.000+0000,005f4000000VrDDAA0,2017-08-04T09:34:19.000+0000,,,,,,,,,/services/images/photo/003f4000003d69zAAA,,,Pending,,,
003f4000003d6A0AAI,,,001f4000003Nkd3AAC,Williams,Abigail,,Abigail Williams,,,,,,,,,,9746 Miter St.,Oceanside,WA,50519,US,,,,"{""city"":""Oceanside"",""country"":""US"",""geocodeAccuracy"":null,""latitude"":null,""longitude"":null,""postalCode"":""50519"",""state"":""WA"",""street"":""9746 Miter St.""}",1-892-087-0489,1-892-087-0494,1-425-567-3219,1-425-567-3224,1-303-356-9418,1-303-356-9423,,sfdcjdemo01@salesforce.com,Sales Manager,,degasperinetto,,,,005f4000000VrDDAA0,2017-08-04T09:09:38.000+0000,005f4000000VrDDAA0,2017-08-04T09:09:38.000+0000,005f4000000VrDDAA0,2017-08-04T09:34:19.000+0000,,,,,,,,,/services/images/photo/003f4000003d6A0AAI,,,Pending,,,
003f4000003d6A1AAI,,,001f4000003NkdEAAS,Jones,Hannah,,Hannah Jones,,,,,,,,,,6801 Pablo Honey St.,Aurora,WA,35818,US,,,,"{""city"":""Aurora"",""country"":""US"",""geocodeAccuracy"":null,""latitude"":null,""longitude"":null,""postalCode"":""35818"",""state"":""WA"",""street"":""6801 Pablo Honey St.""}",1-375-378-2600,1-375-378-2605,1-303-356-9418,1-303-356-9423,1-626-402-5973,1-626-402-5978,,sfdcjdemo01@salesforce.com,Director of Sales,,ast736,,,,005f4000000VrDDAA0,2017-08-04T09:09:38.000+0000,005f4000000VrDDAA0,2017-08-04T09:09:38.000+0000,005f4000000VrDDAA0,2017-08-04T09:34:19.000+0000,,,,,,,,,/services/images/photo/003f4000003d6A1AAI,,,Pending,,,
003f4000003d6A2AAI,,,001f4000003Nkd9AAC,Miller,Elizabeth,,Elizabeth Miller,,,,,,,,,,1316 Peaches St.,Ogden,CA,91719,US,,,,"{""city"":""Ogden"",""country"":""US"",""geocodeAccuracy"":null,""latitude"":null,""longitude"":null,""postalCode"":""91719"",""state"":""CA"",""street"":""1316 Peaches St.""}",1-134-852-3804,1-134-852-3809,1-626-402-5973,1-626-402-5978,1-999-881-0643,1-999-881-0648,,sfdcjdemo01@salesforce.com,CEO,,Kes1807,,,,005f4000000VrDDAA0,2017-08-04T09:09:38.000+0000,005f4000000VrDDAA0,2017-08-04T09:09:38.000+0000,005f4000000VrDDAA0,2017-08-04T09:34:19.000+0000,,,,,,,,,/services/images/photo/003f4000003d6A2AAI,,,Pending,,,
